yield_min,yield_max,Temperature,Avg Precipitation,Re Humidity,Nitrogen ,Phosphorus,Potassium,Soil pH
2400,2600,26.14074221,202.5700865,85.31485045,0.006652875,0.004329502,0.00393366,6.129730485
3000,3200,26.27668672,211.7899584,84.48191119,0.007531976,0.005381038,0.003592953,7.01812713
3400,3600,26.10564151,206.2572182,85.55152661,0.006807774,0.004230321,0.003883135,5.941899582
3600,3800,26.42881552,189.7755361,84.82860569,0.007980675,0.003476444,0.004404771,7.018250411
2800,3000,25.96792838,209.9139644,85.52498358,0.006756897,0.004334547,0.003896196,6.002954247
3700,3900,26.29361575,208.6458694,84.98559064,0.006672078,0.004178797,0.00393686,5.950328423
3900,4100,26.50244242,222.363763,83.77561359,0.007754782,0.004032437,0.003814753,7.428090437
4000,4200,26.45112869,222.2616181,83.8619199,0.007884257,0.003995081,0.003777614,7.589995737
2400,2600,26.1345532,206.1687377,85.32672985,0.006615425,0.004331581,0.003923147,5.996934108
3000,3200,26.09931227,202.4207478,85.41345687,0.006616163,0.004114611,0.003859804,5.894677751
3700,3900,26.33632964,237.8671945,84.55299344,0.007712543,0.0053916,0.003598332,7.048586815
2800,3000,26.08509905,221.2041438,84.54098179,0.007551867,0.005359223,0.003653981,7.046227105
3400,3600,26.1252138,205.656255,85.51751833,0.006764004,0.004226395,0.003894977,5.966079554
3700,3900,26.10037692,213.3935596,85.14945969,0.006705402,0.004339552,0.003892918,6.078689286
3700,3900,26.35405028,235.7659919,84.61712128,0.007552937,0.005454724,0.003585449,7.034368406
3200,3400,26.20492229,214.3730402,85.51639446,0.006696568,0.004282094,0.00388435,6.14776637
3000,3200,26.03579662,201.9441752,85.15854094,0.00673625,0.004282903,0.003921492,6.001202621
3700,3900,26.36030546,240.0807346,84.61439927,0.007433952,0.005386951,0.003578303,6.903531454
2700,2900,26.22241809,224.4462715,83.5665852,0.009451386,0.00517796,0.003583014,5.649172838
3000,3200,26.0454529,198.013778,85.14257996,0.006790435,0.004399105,0.003913999,5.993169768
2700,2900,26.10274536,222.565145,84.49643605,0.007368582,0.005354253,0.003585128,6.987632275
3700,3900,26.3548546,237.221848,84.61113366,0.007567041,0.005435686,0.003579107,7.015559264
3000,3200,26.09348466,201.8520003,85.51173809,0.006576593,0.004365096,0.003859414,5.9151647
3400,3600,26.29634617,190.9035949,85.05511342,0.006772613,0.004395512,0.003909833,6.05120641
2900,3100,26.02419054,197.8966335,85.16243283,0.006653853,0.004338681,0.003898714,5.991941738
2700,2900,26.09397432,221.617609,84.47649423,0.007569768,0.00534058,0.003636898,7.053928102
2600,2800,26.23971023,222.6298489,83.59455659,0.009627161,0.005239021,0.003603821,5.683434727
3000,3200,26.12089367,207.0497771,85.33857578,0.006740515,0.004297952,0.003912479,5.977582247
2400,2600,26.24853541,227.907724,82.47400869,0.008461673,0.005225023,0.004492205,7.23532661
3600,3800,26.30322011,208.6845069,84.9702555,0.006683602,0.004317581,0.003922425,6.022982942
3300,3500,26.1639192,193.1730479,85.06742239,0.00655779,0.004390734,0.003867614,5.979859505
3100,3300,26.14457181,204.4626259,85.4036754,0.006754633,0.004288341,0.003870542,5.961893048
3000,3200,25.99157048,204.9731494,85.56191886,0.006719632,0.004225518,0.003907178,5.904374462
3000,3200,26.01919889,198.1175067,84.92369184,0.006654667,0.004310844,0.003909095,5.985977816
3000,3200,26.12813952,229.5643393,84.15139928,0.009553364,0.005948835,0.004297503,6.197633447
2500,2700,26.14268688,207.2758886,85.26694974,0.00664082,0.00429294,0.003901615,6.122517537
2500,2700,25.77718881,191.5924542,84.61775509,0.006735991,0.004259049,0.003862286,6.002397684
3700,3900,26.45189758,217.3502764,85.22446159,0.006677959,0.004356129,0.003897224,5.997254635
3700,3900,26.43117379,190.029176,84.85816512,0.007753753,0.003532339,0.004368751,7.179047307
2500,2700,26.22081071,227.4612117,82.60782201,0.00869317,0.0051763,0.00452611,7.232729275
3600,3800,26.24722703,215.0342623,85.15704808,0.006764918,0.004255119,0.003890398,6.08620881
3700,3900,26.05621629,214.6841295,85.22845555,0.006678613,0.004311805,0.003926124,6.054366377
2600,2800,26.20327885,222.4146539,83.59507351,0.009455776,0.005162383,0.003594212,5.520562683
3300,3500,25.9240715,193.5238655,85.33344765,0.006676516,0.004309654,0.003891919,6.066522893
2500,2700,25.73290078,190.55322,84.69868381,0.006673833,0.004216528,0.003942228,5.969815379
2600,2800,26.16786058,223.8708331,83.70113851,0.009417981,0.00516563,0.003613438,5.608404579
3300,3500,26.19791161,204.7402528,85.26319523,0.006779155,0.004242965,0.003916762,6.129838143
3600,3800,26.48839806,242.5507515,84.19541601,0.009946535,0.006005767,0.004304638,6.291940961
2500,2700,26.12510168,207.400121,85.06596762,0.006802134,0.004255111,0.003912449,5.981724694
3000,3200,26.04914409,210.4787584,85.52085317,0.006625859,0.004212397,0.003875964,6.006908844
3500,3700,26.08824786,206.1410433,85.52102291,0.006723691,0.004279214,0.00390811,6.082191048
3700,3900,26.37661551,237.7985992,84.57468356,0.007516101,0.005341733,0.003625352,7.066031992
3400,3600,26.04277612,224.2256181,85.62630595,0.006588012,0.004230591,0.003899138,5.959879743
3900,4100,26.46007935,219.0820335,83.74939543,0.007722995,0.003985094,0.00380234,7.515696103
2900,3100,25.96076176,208.8177897,85.45548913,0.00658964,0.004426732,0.003929261,6.125095378
3100,3300,26.12234057,205.1840653,85.23393989,0.006625279,0.004285819,0.00395434,6.063153197
3300,3500,26.18881764,206.701986,85.34948995,0.006847015,0.004294775,0.00392303,5.993994468
3000,3200,26.0434084,197.5553372,85.08800758,0.006752229,0.004285459,0.00390963,5.966884813
4000,4200,26.47416964,220.0326037,83.67386116,0.007907945,0.003928907,0.003831867,7.550372274
4000,4200,26.46725243,222.2621862,83.73602553,0.0078604,0.003970153,0.003797386,7.666132276
3700,3900,26.04185229,215.9042026,85.2446515,0.006704539,0.004345947,0.003927477,6.007966404
3100,3300,26.24943839,225.6599223,84.39340364,0.007479719,0.005381674,0.003590268,6.966741834
3000,3200,26.27363169,210.1894766,84.38633413,0.007553888,0.005439603,0.003614165,6.984441098
2900,3100,26.43526851,231.8228319,83.59670704,0.007946267,0.003956928,0.003792228,7.614877542
3000,3200,26.25950305,212.0857852,84.50853637,0.007638357,0.005549993,0.003634254,7.054991224
3600,3800,26.4554399,216.66991,85.22487539,0.006607343,0.004239038,0.003865604,5.992720126
3300,3500,26.26669062,192.769122,84.91035553,0.006783918,0.00431516,0.003878572,6.010277207
3200,3400,26.19710663,194.5194935,85.08698509,0.006581254,0.004385073,0.003889441,5.957539553
3100,3300,25.93528865,197.383537,85.49400863,0.006703435,0.004344207,0.003905062,6.038890769
3800,4000,26.36759039,239.6987838,84.55955179,0.00755426,0.005367871,0.00359705,6.884390359
2800,3000,26.13392816,229.4238643,84.13784171,0.009747508,0.005883167,0.004326564,6.305742334
2700,2900,26.02820076,214.5707927,83.43791086,0.008382161,0.005929935,0.004484059,5.978228104
2400,2600,26.13226944,206.8718979,85.22660937,0.006812261,0.004282937,0.003918528,5.963657982
3700,3900,26.20204814,217.9891774,85.22441981,0.006641639,0.004400017,0.003884765,5.985135948
3600,3800,26.45833477,243.7618691,84.05975756,0.009757461,0.005961661,0.004300539,6.346168231
3700,3900,26.0654899,216.1697632,85.01870659,0.006715934,0.004226369,0.003937391,6.041216825
4000,4200,26.47296703,222.0284333,83.71333221,0.007906984,0.003984823,0.003805461,7.567514485
3100,3300,26.24611452,222.7632667,84.55790269,0.007653941,0.005281148,0.00363232,7.053797968
3600,3800,26.47429024,218.0761343,85.0977165,0.006838927,0.004264333,0.003899639,6.067182341
3800,4000,26.35281922,237.1192726,84.5210625,0.007543469,0.005340507,0.003606582,6.998687915
3000,3200,26.11137012,203.185709,85.54459815,0.006758031,0.004401177,0.003900543,5.962071644
2700,2900,26.11461024,223.1016176,84.41629663,0.007648539,0.005321105,0.00360313,7.0374543
3000,3200,26.10531641,204.1798154,85.4990634,0.006657201,0.004281436,0.003925293,6.060029598
2400,2600,26.11867206,206.9558931,85.24180188,0.006653028,0.004241075,0.003905492,5.936110897
3000,3200,26.00331103,207.739155,85.57770874,0.006670587,0.004327004,0.00388415,6.091358635
3900,4100,26.49285814,220.1751683,83.68493893,0.007840775,0.004000443,0.003836626,7.587609275
2400,2600,26.11137859,205.905859,85.17340591,0.006640035,0.004291226,0.003873609,5.919443622
2400,2600,26.11607633,205.9695847,85.09519655,0.006831749,0.004329678,0.003902533,6.010191905
3600,3800,26.0730555,215.0776466,85.13950575,0.006798208,0.004208827,0.003881818,6.046045244
3300,3500,26.14625599,214.0153587,85.55422166,0.006695994,0.004337595,0.003868632,5.998248893
2400,2600,26.16019877,207.5821562,85.18164414,0.006676851,0.004280056,0.003929724,5.948592931
2700,2900,26.18982397,222.5132706,83.61937522,0.009550854,0.005233472,0.00361224,5.708549947
3700,3900,26.05980247,216.1210556,85.32700881,0.006600292,0.004251261,0.003827727,5.938278013
3100,3300,26.26897415,223.8415453,84.48945891,0.007576619,0.005370827,0.003628792,7.052869885
3700,3900,26.37570726,237.0168619,84.60673838,0.007331757,0.00550847,0.003633212,7.015868206
2700,2900,26.20710545,223.9957947,83.62594191,0.009610887,0.005220055,0.003607177,5.452002274
2800,3000,26.12298075,229.1621195,84.1965592,0.009677793,0.005891882,0.004274894,6.301334569
2500,2700,25.87313626,217.0325509,84.49932767,0.007453057,0.005454487,0.003596016,7.024583004
3000,3200,26.03086885,209.9992865,85.42424594,0.006787826,0.004230467,0.003881199,5.996559179
3000,3200,26.2674231,212.3055973,84.42057277,0.007409145,0.005377767,0.003561363,7.077843929
3500,3700,26.51040123,240.9680526,83.97941163,0.009698547,0.00593771,0.004285905,6.288664734
2900,3100,26.15159272,226.1969871,84.17341963,0.009644651,0.005881081,0.004315347,6.271624488
3300,3500,26.2741383,191.3525167,85.01311018,0.006600803,0.004255611,0.003934799,5.917370562
3100,3300,25.9074276,189.3861179,85.19938843,0.006788787,0.004313137,0.003895678,6.036482112
3400,3600,26.10489774,208.4734556,85.50659131,0.00661914,0.004324367,0.003889952,6.008222779
3900,4100,26.46586342,221.7481715,83.79289183,0.007957124,0.00405594,0.003802128,7.708767853
3600,3800,26.05790193,212.3987221,85.1524915,0.006709468,0.004266848,0.003814264,6.028104141
2800,3000,25.98953275,216.970076,83.62155534,0.008389368,0.005823105,0.004494535,5.894461309
3000,3200,26.04504752,197.2566918,85.1768884,0.006801911,0.004331863,0.003871645,5.911519299
3600,3800,26.28955621,208.9327944,85.01383324,0.006653564,0.004328881,0.00390187,5.999395843
2900,3100,26.08292839,229.7275143,84.11699107,0.009606703,0.00586133,0.004312417,6.281254613
2600,2800,25.91106816,216.4391209,84.51299719,0.007500547,0.005391798,0.003607249,6.976263131
2700,2900,26.2054353,223.7326553,83.7696673,0.009346854,0.005139239,0.003529143,5.603912945
3900,4100,26.47899536,220.5764645,83.82900696,0.007916117,0.004073682,0.003820901,7.622251361
2800,3000,25.97871266,215.72061,83.44256643,0.008232455,0.005836006,0.004485945,5.827025064
3600,3800,26.05211197,214.8532913,85.15335432,0.00669554,0.004256151,0.003920556,6.038397034
3300,3500,26.19086918,195.031698,84.95374559,0.00660763,0.004254751,0.003884956,5.988184121
3600,3800,26.21402206,213.6505683,85.21201598,0.006766047,0.004297966,0.003903567,5.994041291
2900,3100,26.26687342,210.3949626,84.38226178,0.007481415,0.005518791,0.003559433,7.084713411
3800,4000,26.33969435,237.1884778,84.59492218,0.007645522,0.005338101,0.003586108,6.99380836
2600,2800,25.76764718,193.203259,84.77323473,0.006728252,0.004355066,0.003934232,5.993798155
3000,3200,26.27222326,211.2753331,84.47481774,0.007722038,0.00539629,0.00357922,7.051581424
2500,2700,25.74026403,191.3728427,84.92805953,0.006747706,0.004347325,0.003919456,6.093533881
2600,2800,25.8918558,213.6842511,84.48435094,0.007484774,0.005474065,0.003626869,7.101711903
3500,3700,26.12127551,208.6150798,85.52561617,0.006722022,0.004150162,0.003903793,6.056999328
2800,3000,26.11172854,230.3372221,84.10531064,0.009781547,0.005869357,0.0043131,6.371944307
3800,4000,26.32540268,238.3852067,84.74932716,0.007499353,0.0053485,0.003612047,7.043435908
2400,2600,26.10600357,205.7630385,85.39300335,0.006615415,0.004306852,0.003920678,5.968663986
3000,3200,26.27162726,209.0325145,84.39279259,0.007465668,0.005441645,0.003572782,6.967711271
2700,2900,26.21073096,222.4934181,83.68608154,0.009642428,0.005252135,0.003598779,5.48763357
2800,3000,26.38027825,230.6314227,83.56368004,0.007833767,0.003940699,0.003810932,7.433726442
2500,2700,25.86595856,217.7538948,84.4959798,0.00736812,0.005436645,0.003607658,6.948455117
3000,3200,26.01472443,207.6100263,85.34430353,0.006618019,0.004326861,0.003915039,6.038673597
3700,3900,26.30001687,207.6994852,84.99808911,0.006803457,0.004211909,0.003930873,5.972370706
3600,3800,26.40576747,191.0435099,84.80807443,0.007843596,0.003473984,0.004367173,7.123257485
2900,3100,26.08422579,231.0069289,84.11990657,0.009604038,0.005911393,0.004275184,6.236890602
3200,3400,26.15710972,193.7720806,85.13246033,0.006686445,0.004280238,0.003871939,6.082053812
3000,3200,26.01434785,199.9596252,85.25083034,0.006715429,0.004270629,0.003880141,6.035112188
2700,2900,26.10620543,220.5228614,84.34138616,0.007593299,0.005432906,0.003609002,6.977265313
2900,3100,26.41312462,230.8191773,83.5076803,0.007781594,0.003881782,0.003809433,7.455828742
3000,3200,26.08263134,202.2517209,85.60439079,0.00665087,0.004211375,0.003845507,5.88743178
2900,3100,26.12090696,229.9294259,84.19954416,0.009604257,0.006003886,0.004260044,6.2650004
3300,3500,26.10512983,206.6390706,85.51127189,0.006757859,0.004311827,0.003914021,6.053012675
2500,2700,25.89015409,214.2842134,84.35152493,0.007520421,0.00537928,0.003571804,7.05867814
2900,3100,26.44436613,232.5266628,83.63917829,0.007753613,0.003915381,0.003824296,7.549301486
3200,3400,26.16062183,206.3078488,85.21448271,0.006688284,0.004343592,0.003868046,5.94764567
3900,4100,26.44830815,219.7774464,83.72818511,0.007796659,0.004069725,0.003794619,7.575126406
3000,3200,26.12533634,206.994014,85.36671874,0.006654328,0.004225929,0.003885468,6.041881273
2900,3100,26.27444547,210.3368844,84.56329726,0.007454961,0.005364278,0.003554402,6.985995599
3600,3800,26.50421273,239.4341131,84.134506,0.009906845,0.005802389,0.004330017,6.296776351
2900,3100,26.40387771,231.5142398,83.68474279,0.007796915,0.004070461,0.003814052,7.528312186
2400,2600,26.07024957,227.9810075,84.62390129,0.007422604,0.005432142,0.003599234,7.037988075
3400,3600,26.11126252,205.927435,85.51906653,0.006537279,0.004302812,0.003875016,6.034735213
2800,3000,25.99876826,219.8129372,83.36919645,0.00832134,0.005852378,0.004497749,5.960266865
2300,2500,26.13229892,224.1726876,84.64868755,0.007488427,0.00539607,0.003594896,7.034794528
2300,2500,26.10179942,227.4155996,84.65154785,0.007320997,0.005481813,0.003649331,7.153348196
3700,3900,26.42145746,190.7966432,84.69761325,0.007700046,0.00343767,0.004388325,7.031865585
2500,2700,25.8865604,213.8278393,84.46455392,0.007405506,0.005482592,0.003632277,7.055519153
3100,3300,26.23057112,227.4429097,84.47946982,0.007471626,0.005228077,0.003574317,7.116314334
2400,2600,26.1247384,224.3964792,84.42437739,0.007342061,0.005412928,0.00359441,7.052810575
3700,3900,26.28662191,207.902319,84.97949697,0.006758786,0.004360919,0.00389655,6.016941729
3300,3500,26.15573407,194.157344,85.15253259,0.006648635,0.004172994,0.003925888,5.952351206
3500,3700,26.4995666,243.1399143,84.02526575,0.009773895,0.005958244,0.004288869,6.250372551
3300,3500,26.18489143,195.0525018,85.0422806,0.006765918,0.004309516,0.003913452,5.901516342
3100,3300,26.11475689,203.5538225,85.42617711,0.00670695,0.004319971,0.003873408,5.973911523
3300,3500,26.30717722,190.7603197,85.03001349,0.006770942,0.004376924,0.003924791,6.005552321
3000,3200,26.08334155,202.5178593,85.49200257,0.006628184,0.004192834,0.003908097,5.973445264
3700,3900,26.20734619,216.1492349,85.13326876,0.00680497,0.004364034,0.003911049,5.969817667
3300,3500,26.30328197,190.4955396,84.78675875,0.006674335,0.004387123,0.003898642,5.997576893
3200,3400,25.92813906,194.4217848,85.41810805,0.00671144,0.004215543,0.003892703,6.022514422
2400,2600,26.12542904,222.0457232,84.55462387,0.007437021,0.005380329,0.003614317,6.943501491
2900,3100,25.97659645,207.1663197,85.45465297,0.006676113,0.004231004,0.003910249,5.949644243
3300,3500,26.16544353,206.8589042,85.29404529,0.006565196,0.004244694,0.003935001,6.051236286
3100,3300,25.95046462,195.3333588,85.38771148,0.0066545,0.004295532,0.003865532,6.021142425
3900,4100,26.48642671,221.8451842,83.72216707,0.007765055,0.003973618,0.003823125,7.53027199
3300,3500,26.32510237,191.3376719,85.00975275,0.00676558,0.00432959,0.003951303,6.043368487
3700,3900,26.43344804,186.4599069,84.70150946,0.007657864,0.003537152,0.00436366,7.252085633
4000,4200,26.47414594,221.092475,83.77507619,0.007692292,0.003905647,0.003806251,7.554566252
2700,2900,26.21624999,224.1639613,83.59941815,0.009369544,0.005307218,0.003600688,5.527634505
3700,3900,26.42794244,189.70376,84.71154108,0.007773652,0.00350414,0.004390372,7.138278364
2900,3100,25.94846847,209.4434697,85.49016069,0.006753633,0.004371943,0.003913056,6.13630494
2400,2600,26.25799475,228.5461666,82.65060898,0.008514181,0.00523645,0.0044562,7.249302358
3400,3600,26.29459654,190.4741961,84.85341244,0.006799216,0.004196853,0.003931952,6.030722318
3700,3900,26.05629878,214.2658623,85.31947877,0.006706789,0.004339743,0.003855975,5.988770602
3100,3300,26.23935039,223.4572625,84.4736923,0.007393788,0.005288486,0.003570267,7.008420152
3600,3800,26.22190116,213.6103028,85.26363146,0.006828683,0.004266136,0.003924367,5.892958638
2400,2600,25.87591206,214.760159,84.49965825,0.007480762,0.005246055,0.003591072,6.945708523
3000,3200,26.00702014,206.7945493,85.48876317,0.006809316,0.004322794,0.003906297,5.974534748
3000,3200,26.12594798,204.4289625,85.50806297,0.006761088,0.004236619,0.003921034,6.012217586
3700,3900,26.30737921,210.1035777,84.92270578,0.00666189,0.004208469,0.003871359,6.019494078
3700,3900,26.03743531,216.3497139,85.1643703,0.006618737,0.004289352,0.003899444,5.96129044
3200,3400,26.20270024,194.1106403,85.06695118,0.006653477,0.00418435,0.003881146,6.059887973
3500,3700,26.48536905,241.8328377,84.17022268,0.009528357,0.005821553,0.004314476,6.256547339
2800,3000,26.11576508,222.4096462,84.32038699,0.007651126,0.00530644,0.003575661,7.036845024
2400,2600,26.13942183,205.8723642,85.2461862,0.006682335,0.004338239,0.003884295,5.952099148
3000,3200,26.14562791,201.704464,85.4736526,0.006656474,0.004364789,0.003913753,5.96485812
2900,3100,26.41549279,230.9132504,83.61461538,0.007677649,0.004030522,0.003807043,7.489570625
3900,4100,26.47897478,220.3986408,83.63904489,0.007769637,0.004075673,0.003778148,7.466527661
3200,3400,26.2363831,192.8088257,85.08804079,0.006736515,0.004175687,0.003906796,6.042229929
3700,3900,26.38179877,234.786284,84.55428398,0.007488102,0.005375494,0.003578249,7.187754764
3300,3500,26.0908915,208.2600904,85.57244216,0.006598769,0.00420803,0.003939574,6.013344482
3200,3400,26.16914226,212.7318929,85.56201122,0.006785025,0.004144783,0.003921116,6.099807826
3700,3900,26.04231909,214.4724588,85.18929257,0.006662559,0.004222589,0.003900808,5.89210772
2900,3100,26.09583835,229.0914635,84.1851136,0.009828972,0.005954257,0.004277112,6.357522963
2500,2700,26.10467001,204.043725,85.30451057,0.006672579,0.004258051,0.003873897,6.093798725
2500,2700,26.2579463,228.003662,82.53005927,0.008362897,0.005189002,0.004468824,7.208880055
3300,3500,26.27025845,191.4670705,84.91648175,0.006759733,0.004331269,0.003888217,5.871961615
2700,2900,26.07489182,220.0432966,84.43979411,0.007481217,0.005349492,0.003609194,6.993277372
3700,3900,26.06119551,217.2377265,85.05562722,0.006757925,0.00427595,0.003897062,6.04902358
3600,3800,26.30440584,208.9590798,84.91311957,0.006596266,0.004334133,0.003909118,6.080171952
3700,3900,26.21212739,215.8022678,85.21454812,0.006554176,0.004226769,0.003886175,6.060330856
3100,3300,26.25018387,225.7282142,84.54951934,0.007475679,0.005384211,0.003534671,7.049442257
3600,3800,26.05111646,214.4434564,85.11471744,0.00665765,0.004328616,0.003920492,6.045126621
3000,3200,26.12494301,203.2545429,85.45969783,0.006790254,0.004245387,0.003890362,5.979558669
3300,3500,26.27504362,193.1001583,84.94457727,0.006859989,0.004319077,0.003904488,6.027153162
3500,3700,26.04721119,220.5327022,85.53930893,0.006636584,0.004246221,0.003886018,6.007893521
2900,3100,26.05903863,195.2512287,85.27088544,0.006709651,0.004290004,0.003928148,5.968311184
3600,3800,26.23169137,216.4559419,85.30240499,0.006809041,0.004283327,0.003931189,5.933701459
3600,3800,26.23590098,217.8544271,85.24606108,0.006738498,0.004325914,0.003910398,5.95918141
3200,3400,26.17039182,193.5026271,85.04268268,0.006807757,0.004209526,0.003881014,5.949751079
3600,3800,26.32213444,209.4042503,85.10173545,0.006763405,0.004277376,0.003869719,5.959878303
2700,2900,26.21290262,225.3814024,83.64191649,0.009714636,0.005228317,0.003580754,5.503450619
4000,4200,26.47705598,218.3448294,83.73362187,0.007916416,0.004051147,0.003791186,7.534447225
3200,3400,26.1835993,194.4338831,85.07495987,0.006711708,0.004094563,0.00390491,6.084305948
3600,3800,26.20329779,213.6305443,85.18998685,0.006650068,0.004361104,0.003915609,6.035501058
2500,2700,25.76574377,193.5655553,84.82745207,0.00673215,0.004333884,0.003876116,6.013522368
3100,3300,26.23202129,226.9994659,84.43704579,0.00749159,0.005420964,0.003610315,7.061223298
3700,3900,26.26210841,208.6388912,84.97578202,0.00664379,0.004308855,0.003920778,6.069905764
2400,2600,26.11428839,226.5499404,84.59307445,0.007464159,0.005431146,0.003590603,6.991316224
3000,3200,26.05660837,202.6484113,85.35888581,0.00673094,0.004313806,0.003874371,6.13520783
3000,3200,26.09777868,205.1396957,85.32791427,0.006774882,0.004291017,0.003929362,6.042921927
2900,3100,26.01038457,198.5732577,85.28131615,0.006658954,0.004305871,0.003893014,5.962032859
3100,3300,26.26939237,226.4262263,84.45528225,0.007490337,0.005257976,0.003612527,7.128583131
2800,3000,26.11856011,229.0107287,84.07695665,0.009634472,0.005960873,0.004308309,6.344352393
3500,3700,26.09547445,204.3669015,85.49119442,0.006721139,0.004306457,0.003888976,6.103694297
2500,2700,25.85243688,214.0420036,84.47579223,0.00748706,0.005419541,0.003623776,7.016900779
3300,3500,26.19282282,205.6176285,85.32885729,0.006807741,0.00432548,0.003895545,5.979908229
2700,2900,26.10546637,220.7651964,84.51192389,0.007496279,0.005454682,0.003606236,7.074480517
3100,3300,26.2575711,225.4182186,84.61992109,0.007533692,0.005343453,0.003589022,7.021014179
3000,3200,26.03539807,208.0752356,85.42173865,0.006595744,0.004269497,0.003885592,5.949086678
2400,2600,26.12763233,225.2761278,84.54519824,0.007584515,0.005389121,0.003623801,7.104722567
3600,3800,26.43490769,217.7759034,85.07755356,0.00665624,0.004253291,0.003944072,5.9688561
2800,3000,25.96032378,210.0393175,85.41730786,0.006795484,0.00428281,0.003897228,5.956488738
3700,3900,26.45459249,187.001194,84.6875777,0.007702867,0.003440728,0.00442433,6.976607281
3300,3500,26.26081402,193.1272019,85.00433327,0.006713501,0.004213046,0.00395582,5.876160459
2700,2900,26.06133551,221.0980734,84.42373553,0.007645485,0.005390935,0.003640178,6.932683634
3500,3700,26.00833444,220.8649186,85.56529192,0.006719739,0.004248102,0.003859025,5.945584307
3200,3400,26.23541831,224.3573061,84.417498,0.007395585,0.005467938,0.003600577,7.047878168
3500,3700,26.47365698,245.126795,84.18615641,0.009690625,0.005911459,0.00433413,6.328495138
3100,3300,26.10535006,204.7982464,85.44293051,0.006835511,0.004386569,0.003900527,5.930823224
2700,2900,26.08598443,220.8615345,84.35484282,0.007601199,0.005468566,0.003562935,6.995129825
2800,3000,25.9521121,210.9977081,85.37375121,0.006786971,0.004271947,0.003901685,6.070955469
2500,2700,25.89280597,214.7198012,84.45437336,0.007519033,0.005427516,0.003582195,6.934208667
3600,3800,26.03196854,215.9120321,85.26055149,0.006487609,0.004321006,0.003902338,6.057395648
2400,2600,26.2441275,229.3467574,82.61420761,0.008436869,0.005088038,0.004500209,7.202128202
3500,3700,26.03680791,221.6575864,85.57267098,0.006821503,0.004374148,0.003910255,5.936703362
2600,2800,26.20210078,223.7611446,83.651916,0.009470057,0.005276248,0.00357072,5.523478412
2700,2900,26.19396802,224.0670257,83.65069041,0.009595143,0.005272519,0.00359208,5.503461542
2700,2900,26.17862435,223.3657148,83.71687048,0.009476404,0.005183243,0.003594368,5.53727527
3000,3200,26.2722873,212.2577647,84.44091591,0.007497504,0.00543065,0.003592569,6.939961238
2900,3100,26.42777589,230.9885769,83.73711286,0.007601033,0.004014315,0.003782379,7.501037183
2600,2800,25.87771564,212.4671635,84.49164383,0.007393604,0.005433925,0.003543923,6.963467393
3500,3700,26.1163732,206.4089397,85.57136138,0.006588664,0.004269937,0.003903708,6.002255493
3100,3300,26.1102588,204.014178,85.18849899,0.006571635,0.004144927,0.00394571,6.006948259
3300,3500,26.15493862,213.6039974,85.46822167,0.006673753,0.004435838,0.003897325,5.961022637
2700,2900,26.19778975,224.8979504,83.54801874,0.009560176,0.005172974,0.003586312,5.455668024
2700,2900,26.2326813,223.4121846,83.696778,0.009439391,0.005104203,0.003628204,5.555851253
3400,3600,26.0298666,222.5499892,85.63896353,0.006696854,0.004314804,0.003885895,5.960301938
2400,2600,26.2376968,227.7566175,82.47764605,0.008451985,0.005061851,0.004476979,7.228957351
2700,2900,26.21016032,224.8590985,83.61102014,0.009512098,0.005222281,0.003565998,5.61107479
3700,3900,26.42500819,216.4450385,85.22370442,0.006731083,0.004280167,0.003835667,5.939815972
3200,3400,26.17726842,193.679876,85.13037766,0.006650589,0.004343094,0.003878564,6.073111027
2800,3000,25.95830279,210.5258166,85.50960221,0.006486331,0.004351151,0.003947631,6.076305538
2800,3000,26.0151014,215.2662045,83.45620169,0.008299841,0.005899343,0.004508558,5.914343079
3600,3800,26.44083161,216.8667813,85.19426581,0.006751075,0.004306395,0.003921116,5.96873358
3300,3500,26.13884823,207.0668681,85.55578514,0.006716817,0.004294651,0.003894413,6.059284505
2600,2800,26.23919534,229.2337905,82.54460742,0.008546009,0.0052236,0.004488962,7.210131896
3000,3200,26.10558964,202.233891,85.53193372,0.00671146,0.004304769,0.0039294,5.988531387
2900,3100,26.16253486,229.5317317,84.05422111,0.009843144,0.005875465,0.004288593,6.242554702
3100,3300,26.24596202,223.3802269,84.61382009,0.007591998,0.005367076,0.003567042,7.064654895
3000,3200,26.26933835,212.7710494,84.52957567,0.007566076,0.005340601,0.003630274,6.978131314
3200,3400,26.15321705,195.3404136,84.97193068,0.006620541,0.004335753,0.003882964,6.020235223
3700,3900,26.34865201,237.4217148,84.75303964,0.007510145,0.005356537,0.003577,7.009734924
2900,3100,26.40265134,231.5888801,83.59145475,0.007744912,0.004042113,0.003818992,7.615636628
2900,3100,26.11514354,230.3970644,84.1665143,0.009571897,0.005897137,0.004323081,6.354676651
2900,3100,26.03273326,196.3691495,85.10273308,0.006600993,0.00429342,0.003876836,6.036410098
2600,2800,25.77397187,191.1583982,84.73655947,0.006700791,0.004185365,0.003882174,6.063878867
3600,3800,26.05216914,214.3869662,85.11292029,0.006761347,0.004212244,0.003896932,5.982848123
2700,2900,26.0841259,221.0434782,84.58862768,0.007656361,0.005365385,0.003576395,7.03139151
3900,4100,26.34650074,237.7513904,84.49726219,0.007651738,0.005485846,0.003577417,7.053306409
3700,3900,26.07000224,216.5321329,85.1949899,0.006686691,0.004356332,0.003895706,6.042603928
3000,3200,26.02342726,200.7019975,85.18019633,0.006649859,0.004263347,0.003949207,6.03449276
3700,3900,26.32011208,207.4142425,84.89948918,0.006737272,0.004268622,0.003876049,5.915120984
3700,3900,26.25115955,213.6168793,85.31862222,0.006583757,0.004281645,0.0038708,6.013848594
3700,3900,26.41856157,187.0061245,84.66655264,0.007995817,0.003465605,0.004392891,7.047289391
3300,3500,26.13501139,205.5508409,85.06741976,0.006805506,0.004216975,0.003866869,6.008781679
3000,3200,26.27190645,211.5608226,84.4502143,0.007569243,0.005458024,0.00357945,7.082398842
2800,3000,26.18623278,223.9303311,83.69999158,0.009575874,0.00525009,0.00358314,5.494425773
3400,3600,26.02888636,222.0911587,85.46784662,0.006631431,0.004410955,0.003873031,5.977656397
2900,3100,25.9474797,207.8361477,85.55506458,0.006741756,0.004195101,0.003904997,6.069564342
2600,2800,26.21426334,224.9078583,83.59822642,0.009523692,0.005216725,0.003595897,5.655000021
2500,2700,26.22424281,228.0005149,82.63667658,0.008400034,0.00510886,0.004556381,7.233952366
3300,3500,26.18966243,213.911116,85.58088082,0.006583142,0.004297358,0.003909442,6.093071603
3300,3500,26.18405191,214.0880754,85.48065677,0.006892178,0.004231438,0.003852968,6.050110324
2900,3100,25.9796267,204.1866268,85.43292392,0.006629383,0.004302482,0.003852868,5.934540091
3100,3300,26.1177381,203.5995543,85.28726324,0.006893083,0.004262071,0.0039266,6.012265376
3400,3600,26.09429204,208.0573199,85.57670361,0.006749214,0.004248533,0.003909117,6.039081113
3100,3300,26.2539736,223.8122457,84.41608736,0.007433915,0.00536209,0.003635935,6.929189778
3100,3300,26.25415528,225.0529471,84.45470737,0.007614046,0.005334108,0.003606107,7.050297561
3700,3900,26.43348837,218.568773,85.30484753,0.006724261,0.004296438,0.003943085,6.024642899
2500,2700,26.12172006,206.7082159,85.23511667,0.00663035,0.004354473,0.003920175,6.008479989
3300,3500,26.13781961,214.2758421,85.5162329,0.006690646,0.004235773,0.003873825,6.025002868
2500,2700,25.77332428,192.0575564,84.77642057,0.00685476,0.004376578,0.003899916,5.966310775
3300,3500,26.14892132,202.8857935,85.39133143,0.006707556,0.004164127,0.00390433,6.053352776
3100,3300,26.24885943,227.0864071,84.62323726,0.007605356,0.005352482,0.003606705,7.054232409
3000,3200,26.11342929,206.5681488,85.40892157,0.006634896,0.004332266,0.003892732,6.013407387
3200,3400,25.93916562,193.0113266,85.32639837,0.006639217,0.004268491,0.003922775,5.982059922
3000,3200,26.10429856,205.7545398,85.35808759,0.006658291,0.004149466,0.003888747,5.959935399
3100,3300,26.13760796,206.9018829,85.33542407,0.006720077,0.004437467,0.003912488,5.988898846
2900,3100,26.40091136,233.7235899,83.56447526,0.007614991,0.003998091,0.003798582,7.494754519
2700,2900,26.00089576,216.1833589,83.56099449,0.008458737,0.005810075,0.004495273,5.894983335
2600,2800,25.77199388,192.6175165,84.58263852,0.006700888,0.004268737,0.003834206,5.948637829
3600,3800,26.48554248,241.7813185,83.98474882,0.009700001,0.00585576,0.004345457,6.218939031
3500,3700,26.48103155,241.116917,84.11496195,0.00956821,0.005825682,0.004287715,6.315385939
3600,3800,26.21063888,214.7291774,85.29915745,0.006828463,0.0042507,0.003882407,5.947307861
3700,3900,26.04695703,214.7659172,85.24505451,0.006691631,0.004326045,0.00390849,5.999681865
3700,3900,26.0476386,215.7412621,85.25844761,0.006733134,0.004259621,0.003872969,6.074077299
3700,3900,26.30175005,208.3360319,84.83329906,0.006679033,0.004186264,0.003909326,5.997036154
3900,4100,26.44317501,219.1742406,83.78026618,0.007801646,0.004100456,0.003816005,7.641909509
3400,3600,26.06976283,206.8692323,85.5648792,0.006658355,0.004310951,0.003910806,5.911778037
2400,2600,26.13029829,225.411099,84.49105452,0.007398773,0.005407357,0.003604625,7.027860245
3600,3800,26.48357771,241.6891798,84.04617176,0.009703709,0.005844222,0.004269324,6.334442671
2300,2500,26.09395467,224.7605258,84.52409427,0.007469914,0.005417225,0.003600747,7.115284304
3600,3800,26.49524574,216.9738679,85.2399243,0.00678895,0.00433758,0.003883784,5.99213417
2600,2800,26.2395043,228.7201936,82.55653936,0.008521961,0.005157057,0.004508724,7.180892293
3000,3200,26.02576286,198.2106287,85.26154802,0.006745288,0.004349564,0.003923146,6.034872276
2900,3100,25.99638271,201.1221738,85.30376537,0.006655534,0.004419495,0.003927601,5.992394914
3300,3500,26.16835731,213.6397577,85.59392402,0.00660504,0.004323568,0.003926798,5.985620305
3000,3200,26.2788226,210.9047144,84.50835993,0.007622038,0.005437464,0.003592281,7.073665605
3400,3600,26.1241728,208.9394116,85.5824797,0.006630574,0.004191725,0.003905379,5.95823448
3100,3300,26.1161569,203.4933444,85.32881436,0.006667663,0.00421563,0.003889587,5.921348442
3100,3300,26.24842407,224.2945528,84.65282149,0.007459794,0.005387443,0.003593628,7.056365059
3700,3900,26.31383253,209.0498128,84.93732095,0.006652633,0.004211087,0.003889557,5.996208687
2600,2800,25.75312106,188.0687972,84.69310078,0.006645325,0.004384386,0.003907662,6.123082276
3400,3600,26.18446653,213.924952,85.50410917,0.006670925,0.004274898,0.003907769,5.990837563
3200,3400,26.26603469,223.2678248,84.52754962,0.007593011,0.005458316,0.003578575,6.997148544
3300,3500,26.18030811,206.3918264,85.28642494,0.006684024,0.004244825,0.003901413,6.023265981
3600,3800,26.23474306,213.4499502,85.15861641,0.00674618,0.004333313,0.003901668,6.000070087
3600,3800,26.06197286,213.0216583,85.11713832,0.00664895,0.004261874,0.003897479,5.955001085
2900,3100,26.11048802,230.6403768,84.20859314,0.00982263,0.005869752,0.004275369,6.292641342
3000,3200,25.99450931,197.6113336,85.15471101,0.006519685,0.004391421,0.00389732,5.949744846
3700,3900,26.11021792,217.6879446,85.22112138,0.0067998,0.004302323,0.003927461,6.046552527
3700,3900,26.06533375,217.8953889,85.23383243,0.006852712,0.004320744,0.003893151,6.144145703
3000,3200,26.02541638,208.0654471,85.5557,0.006754466,0.004330723,0.003891203,6.055471203
3700,3900,26.45177845,189.1647327,84.85444167,0.007727382,0.003545568,0.004376909,7.002950693
3600,3800,26.24654484,213.9593712,85.34844686,0.006685158,0.004291633,0.003906972,6.019838143
2900,3100,25.94671079,207.0559142,85.51454172,0.006746042,0.004208431,0.003899805,5.96364327
3500,3700,26.49937978,239.4082331,84.09603751,0.009576267,0.005890602,0.004278845,6.384455973
3000,3200,26.11991779,206.8696662,85.35427854,0.006549283,0.004310876,0.003912364,6.130925071
2500,2700,25.8689897,214.0030735,84.43513357,0.007498753,0.005358967,0.003596078,7.102963692
2900,3100,25.991451,199.3689881,85.24795006,0.006583598,0.004272462,0.003885965,6.010683855
3800,4000,26.29382716,208.4215422,84.93142609,0.006753634,0.004333524,0.003895479,5.808922031
3300,3500,26.26206456,191.4925773,84.92485605,0.006696568,0.004329284,0.003929959,6.019286577
2500,2700,26.25070312,229.4098773,82.58411942,0.008498762,0.005128223,0.004502453,7.250236312
3100,3300,26.14907981,207.7371928,85.36862474,0.006617523,0.004306859,0.003914958,5.924063515
3700,3900,26.44224416,190.0230419,84.7064485,0.007904477,0.003598502,0.004434923,7.075465363
3200,3400,26.19243449,192.5769665,85.09075176,0.006594333,0.004320774,0.003896458,5.918479775
2400,2600,26.12781321,225.0884831,84.66751735,0.007424946,0.005273156,0.003629762,7.009084497
2900,3100,26.01668671,198.1011902,85.21611478,0.006728377,0.004365677,0.003904966,5.901824245
3700,3900,26.44318571,186.8888955,84.69927994,0.007614586,0.003592721,0.004365991,7.019226994
2500,2700,25.77944475,190.1495489,84.75895925,0.006487802,0.004262957,0.003854419,6.067921209
2900,3100,25.99828873,215.6520314,83.38292075,0.008356913,0.005865587,0.004504216,5.845837949
3100,3300,26.24361551,224.2066617,84.58133748,0.007545023,0.0052844,0.003597326,7.044732205
2700,2900,26.11721553,219.0573488,84.53688534,0.007395356,0.005379662,0.003607423,7.079427706
3300,3500,26.26281696,190.5472506,84.88656368,0.006621581,0.004239474,0.003929435,5.997781139
2500,2700,25.89127454,215.5806198,84.54876602,0.007453094,0.005375818,0.003607758,7.065552762
3000,3200,26.24534184,211.2405178,84.40803743,0.007580441,0.005542221,0.00362511,7.004586888
2400,2600,25.87349388,216.672134,84.56860448,0.007536953,0.005437645,0.003600776,6.950263989
2900,3100,26.0897273,228.2965762,84.27312391,0.0096621,0.005965109,0.004289732,6.307289161
3300,3500,26.19340808,215.1155701,85.5563265,0.006724351,0.004270212,0.003877668,5.938825326
3700,3900,26.44712944,217.1498972,85.2389212,0.006842308,0.004415533,0.003897612,5.928056572
2900,3100,26.43753787,231.3347234,83.6708291,0.008027859,0.00405201,0.003774485,7.5263715
2500,2700,25.8919904,214.9063783,84.55717939,0.007531995,0.005512469,0.003596785,7.027571811
2700,2900,26.01629611,216.0168399,83.59251236,0.008255267,0.005845376,0.004511978,5.906776332
3100,3300,26.12520599,202.3889631,85.47223043,0.006838356,0.004244354,0.003884972,6.06147586
3400,3600,26.26833393,192.279995,84.83965725,0.006719717,0.00432226,0.003891905,6.003093144
2900,3100,26.10148349,228.8813116,84.19973739,0.00974821,0.005966451,0.004293265,6.294705436
3400,3600,26.11466502,207.6609948,85.57694478,0.00670638,0.004387706,0.003875931,6.008641413
3700,3900,26.46468779,218.5565876,85.28255496,0.006679194,0.004221498,0.003865703,5.863685559
2900,3100,26.04987894,197.048389,85.24348847,0.006735537,0.004412085,0.003889124,5.962328495
2900,3100,26.42648923,232.2404454,83.71397296,0.007904324,0.004152025,0.003785643,7.483387291
3900,4100,26.51999001,223.0814043,83.70316092,0.007904383,0.003869193,0.003824558,7.472617956
3000,3200,26.12117959,204.5835119,85.26273115,0.006834993,0.004133807,0.003872495,6.047927515
2800,3000,26.01300528,217.1632211,83.50093595,0.008336202,0.005743593,0.004526449,5.90363377
3000,3200,25.99523801,206.8903763,85.50069114,0.006728618,0.004265136,0.003907479,5.884822508
3700,3900,26.06694056,216.3410383,85.20026814,0.006833653,0.004251068,0.003957192,6.01681639
2600,2800,26.18773826,222.4082811,83.7699836,0.009543233,0.005333543,0.003587735,5.560973026
2500,2700,25.78306025,189.2308248,84.91574197,0.006610364,0.004379854,0.003920823,6.006490356
3000,3200,26.02105618,207.5579011,85.49537845,0.006585397,0.004201039,0.003935796,6.077923618
2300,2500,26.0803069,223.2939858,84.56365406,0.007374509,0.005316929,0.003634312,7.097160706
2900,3100,26.01689228,197.7978897,85.09346339,0.00662982,0.004381067,0.003889756,6.051169356
3500,3700,26.49752983,242.0806774,84.05708632,0.009866735,0.00593052,0.004300536,6.190512679
4000,4200,26.47468802,218.9398919,83.72276926,0.007895882,0.003911984,0.003794887,7.611637079
3100,3300,26.1281284,206.2731469,85.47875834,0.006881175,0.004317691,0.003885885,6.011837289
3500,3700,26.13884078,205.0951232,85.43819819,0.006522199,0.004155562,0.003866531,6.029893263
3500,3700,26.47606598,242.4990428,84.17927122,0.009661967,0.005977195,0.004274825,6.253090676
3000,3200,26.02518996,207.1139124,85.45122331,0.006865683,0.004436691,0.003892298,5.93332387
2500,2700,25.76085952,190.5069957,84.69918353,0.00684064,0.00427491,0.003910448,6.104019183
2700,2900,26.00694893,217.9137889,83.42142959,0.008307727,0.005832807,0.004516914,5.925361608
3500,3700,26.02705136,221.7851956,85.43353137,0.006734687,0.004340464,0.003896944,5.975251936
2700,2900,26.0938619,220.8996627,84.47053935,0.007611535,0.005376175,0.00358248,7.054140459
2900,3100,26.02039765,199.3604879,85.14115489,0.00671333,0.004338793,0.003908131,5.962991559
2500,2700,26.26818894,228.3850661,82.53239329,0.0086227,0.005152978,0.004516444,7.18624122
3000,3200,26.12729066,208.2672861,85.33011094,0.006791702,0.004210131,0.003864821,6.053226641
2500,2700,25.87799087,215.0745632,84.49989485,0.007596584,0.005294483,0.003611678,7.115229195
3400,3600,26.26637542,191.7311192,84.9492378,0.006590298,0.004410847,0.003870441,6.070195955
3100,3300,26.30486398,224.5440828,84.55957429,0.007399472,0.005380821,0.003570692,7.144812008
3500,3700,26.47645254,241.7843927,84.1747346,0.009685261,0.005811474,0.004276725,6.272555381
3600,3800,26.19444925,213.2648852,85.27518528,0.006764076,0.004368084,0.003887383,5.948547964
3600,3800,26.49935226,241.1533776,84.28983352,0.009833437,0.005860047,0.004319832,6.326962538
2900,3100,26.43306297,232.2491678,83.66922084,0.007696674,0.003989699,0.003811283,7.522880766
2900,3100,26.48484603,235.7761412,83.61217453,0.007763946,0.004053345,0.003761449,7.431604309
2900,3100,26.04242321,199.2951376,85.2960908,0.006780335,0.004242295,0.003888461,6.103691084
2800,3000,26.10871789,228.7214436,84.2199927,0.009887305,0.00579074,0.00430616,6.368880758
3200,3400,26.18738487,205.559756,85.28448038,0.00663388,0.00427301,0.003869618,5.957461405
3700,3900,26.29705684,205.7953905,84.99989882,0.006677523,0.004291761,0.00387268,6.014716497
3000,3200,26.28237535,216.1980199,84.5026504,0.007420365,0.005422219,0.003596351,6.942433089
3300,3500,26.15042592,216.8932848,85.4935214,0.006729256,0.0043233,0.003940565,6.01574957
3300,3500,26.19315505,203.9662029,85.16603621,0.006701405,0.004264009,0.003936628,6.113131243
3900,4100,26.48228689,220.4350547,83.80796985,0.007750028,0.004032182,0.003794468,7.554475264
3200,3400,26.26484137,226.9959549,84.64677675,0.007540428,0.00535872,0.003641924,6.957712676
3700,3900,26.4556894,216.4818009,85.18220428,0.006824743,0.00428855,0.003844182,6.019055021
2800,3000,26.01230405,215.1711951,83.46829048,0.008356151,0.005718412,0.004480515,5.884533024
3400,3600,26.0953292,206.450984,85.44592701,0.006799429,0.00429061,0.00386948,6.01787068
2800,3000,26.14641716,229.2107556,84.0452104,0.009594553,0.00591215,0.00429398,6.2188611
3200,3400,26.16928797,212.1089526,85.47530403,0.006742562,0.004346631,0.003944046,5.964263432
2400,2600,26.2345158,226.6354303,82.60440554,0.008545619,0.00518057,0.004495305,7.295418048
3500,3700,26.09546341,206.1837126,85.60950223,0.006601373,0.004245826,0.003908086,5.952022414
3500,3700,26.52075432,243.0307296,84.1215437,0.009695258,0.005855501,0.004314608,6.29630081
2500,2700,26.25378911,228.052618,82.54280077,0.008479978,0.005241738,0.004499122,7.100579218
2900,3100,26.012412,199.9991548,85.25734241,0.006622802,0.004344121,0.003888519,6.059370658
2800,3000,25.96300757,209.3862295,85.57193463,0.006744005,0.00440448,0.003913057,5.987559422
3200,3400,26.18473347,207.672993,85.42402624,0.006712666,0.004262476,0.003890058,5.908623525
3000,3200,26.00626592,197.5186165,85.18981737,0.006681682,0.004398794,0.003914652,6.02425805
2800,3000,25.94027374,209.6708053,85.37744148,0.006884448,0.00446019,0.003902608,6.025487841
2500,2700,26.13868495,205.8239106,85.12035621,0.006666973,0.004262568,0.003881651,6.064583977
2500,2700,25.87434273,216.5078596,84.37620778,0.007372684,0.005401412,0.003600947,7.065856324
3100,3300,26.24919127,224.7989182,84.56602603,0.00749373,0.005327339,0.003580768,6.983992184
2500,2700,26.24452363,229.4960254,82.48679668,0.008401972,0.005291967,0.004502381,7.251128334
3800,4000,26.36934891,237.2924473,84.58835559,0.00758755,0.005350721,0.003576074,6.985749497
3600,3800,26.48321944,242.5018232,84.16697579,0.009670239,0.005942455,0.004325081,6.345683518
3100,3300,25.9409806,192.8332996,85.36779714,0.006685363,0.004260213,0.003921274,5.99337862
3400,3600,26.02747612,219.6271829,85.58690574,0.006651339,0.004336471,0.003892172,6.013887733
3300,3500,26.27664481,193.3968068,84.84459951,0.006572909,0.004199245,0.003882037,6.06396086
3500,3700,26.11438708,207.599972,85.4639655,0.006621902,0.004296183,0.003930329,6.038635076
3200,3400,26.19008623,211.9009989,85.53657582,0.006639112,0.004170169,0.00395046,6.03754812
3600,3800,26.23259172,217.5834352,85.15448268,0.006669191,0.004205192,0.003920288,5.998584945
3400,3600,26.09121885,205.5537064,85.53779639,0.006776491,0.0043563,0.003947371,5.995496776
3500,3700,26.22251591,214.8087319,85.16071636,0.006864895,0.004321801,0.00396711,5.956767055
2900,3100,26.01711614,198.6109795,85.1077535,0.006494547,0.0042964,0.003900895,6.010495286
3200,3400,26.17515031,205.157418,85.2900532,0.006594906,0.004282086,0.003892047,5.950434578
3700,3900,26.05834243,216.3359725,85.20900589,0.006844871,0.004240602,0.003891604,6.051857971
3200,3400,26.17788418,194.4994768,85.12595592,0.006856285,0.004291934,0.003925222,6.015951623
3600,3800,26.4694609,216.4798031,85.22737691,0.006749226,0.00434986,0.003925218,6.035389944
2900,3100,26.03200499,196.8715332,85.23318067,0.00679891,0.004373745,0.00390359,6.015990705
2700,2900,26.07646309,220.3685467,84.44282475,0.007422395,0.005447181,0.003594291,7.101663516
2600,2800,25.75560141,191.2351267,84.75730611,0.006745787,0.004285466,0.00392401,6.006802656
3700,3900,26.46548317,190.5509542,84.83351102,0.007810812,0.00349048,0.004443564,7.047236697
3500,3700,26.05127044,222.0036347,85.46287463,0.006604982,0.004359743,0.003896522,6.018494115
3300,3500,26.2567113,192.6446388,84.99004402,0.006768742,0.004364075,0.003914931,6.107858721
3500,3700,26.47243532,241.4757425,84.08289939,0.009603664,0.005883284,0.00431125,6.364663824
2400,2600,26.12418795,224.8188163,84.49453677,0.007440927,0.005424778,0.003570199,7.062829821
2600,2800,25.7413122,190.9549976,84.78209372,0.006695047,0.00439411,0.003915225,5.936022945
3100,3300,25.94044226,193.5674244,85.29896752,0.006706128,0.004251409,0.003876039,5.962467056
3500,3700,26.01116745,223.5338848,85.48067816,0.006736408,0.004367961,0.003888572,5.958611364
3500,3700,26.48242938,243.2533462,84.09325059,0.009689284,0.005913161,0.004277699,6.308860185
3700,3900,26.46908451,189.8979366,84.82043983,0.007892409,0.003549053,0.004416142,7.053195039
3000,3200,26.02809899,198.5878343,85.23817857,0.006697411,0.004319304,0.00386506,5.998956145
3300,3500,26.18625854,216.8313588,85.50425575,0.006555208,0.004169096,0.00388091,5.823338014
2500,2700,25.9045982,217.0255712,84.47203707,0.007448643,0.005388965,0.0035568,7.003208309
3600,3800,26.43021402,215.6631327,85.16554313,0.006817959,0.004308624,0.003863853,5.921967568
3500,3700,26.02619122,223.7601913,85.53429214,0.006729853,0.00424875,0.003908781,5.987485321
2800,3000,26.1075926,221.5141182,84.52028734,0.007515416,0.005376642,0.003605838,6.999042762
2500,2700,25.75896734,192.1636011,84.74765248,0.006822122,0.004293097,0.003876212,5.974886835
3700,3900,26.45480503,218.0864999,85.20591014,0.006757326,0.004283926,0.003924741,5.982899209
3400,3600,26.28921688,191.6379329,84.99733892,0.006723541,0.004357377,0.003922845,6.005516013
2800,3000,25.97180174,209.9501189,85.5472936,0.006776383,0.004297265,0.003907949,6.06420161
3400,3600,26.1115861,206.1776402,85.53880212,0.006508209,0.004182128,0.00396215,5.977242776
3900,4100,26.48688069,219.320175,83.8069203,0.007866557,0.003937729,0.003817793,7.531207337
3300,3500,26.16072285,213.2418371,85.50916174,0.006734942,0.004438763,0.003906532,6.012747054
2900,3100,25.94396505,211.5967899,85.60232094,0.006842526,0.004231258,0.00386816,6.095819382
3100,3300,26.21952407,226.9001081,84.57148192,0.007457894,0.005418122,0.003601187,7.036795707
2300,2500,26.0811435,224.4283254,84.58681428,0.007462684,0.005470426,0.003673044,6.944059768
3000,3200,26.02945495,196.8032874,85.23559715,0.006487369,0.004209915,0.003890687,6.057684219
3100,3300,26.26537013,211.2465543,84.51850718,0.007499478,0.005327635,0.00360066,7.001878064
2900,3100,26.28641644,210.2486441,84.56476696,0.007505389,0.00547875,0.003603852,7.125720196
2900,3100,26.45008524,231.3640495,83.60500531,0.007764699,0.003967655,0.003793997,7.525262295
3300,3500,26.27430916,188.6016806,84.91290122,0.00668646,0.00434579,0.003890312,6.0136018
2900,3100,26.03638297,195.675966,85.29246487,0.006528942,0.004397424,0.00392738,6.01207553
3500,3700,26.02406853,222.5698139,85.4382208,0.006596739,0.004348224,0.003866377,5.955601129
3000,3200,26.00410153,208.8811524,85.47661777,0.006574141,0.004270458,0.00387302,5.927787817
3600,3800,26.02078338,212.9436621,85.12222221,0.006657785,0.004270512,0.003927371,5.99520915
3100,3300,26.16919274,193.9576674,85.00772643,0.006964115,0.004241555,0.003893267,5.896288729
3600,3800,26.4836753,242.921191,84.09293076,0.009721322,0.006017751,0.004295443,6.260793248
3000,3200,26.01191596,208.7697274,85.68013476,0.006769719,0.004212867,0.003936745,6.121330872
3600,3800,26.47409759,216.4198819,85.22126571,0.006851106,0.004376446,0.003879687,5.975240261
2700,2900,26.02313914,216.7292366,83.45810748,0.008392273,0.005759407,0.004535769,5.84650414
2900,3100,26.04214547,197.9899224,85.19279859,0.00665166,0.004240854,0.003901228,6.021660864
3200,3400,26.23853249,226.0099154,84.56050736,0.007438545,0.005335929,0.003622334,7.067487824
3000,3200,26.08275325,202.8949762,85.44118919,0.006616951,0.004216886,0.003876009,6.005479212
3000,3200,26.09189142,205.6716744,85.41232833,0.006795803,0.004273866,0.003902231,6.076618524
2700,2900,25.96977977,216.2130392,83.44472678,0.008320319,0.005788677,0.004484738,5.889831293
2600,2800,26.19367499,224.0284424,83.7055634,0.009502782,0.005174069,0.003583728,5.52855585
3500,3700,26.49661657,241.8059899,84.19249852,0.009685497,0.005957446,0.004280523,6.303167616
3700,3900,26.44588576,189.4191825,84.73508269,0.007796934,0.003640185,0.004389187,7.130267755
2800,3000,25.94536934,210.1198771,85.48438668,0.006776022,0.004298107,0.003951173,6.036889318
3100,3300,25.91696149,194.3241508,85.22424893,0.006683702,0.004202107,0.003946987,6.120689614
3300,3500,26.18907367,194.0005806,85.03567289,0.0067766,0.004260019,0.003931171,5.955117702
3300,3500,26.26587227,192.3590317,85.07656774,0.006684976,0.004219227,0.003900337,6.035428504
2500,2700,26.22429455,226.5958093,82.56588798,0.008592729,0.005204745,0.004532744,7.240740696
2500,2700,25.76654508,190.7526835,84.83761142,0.006838074,0.004348079,0.003895165,6.05817248
3600,3800,26.4527449,217.4415176,85.23799415,0.006515204,0.004228692,0.003909284,5.973326426
3500,3700,26.10430587,206.7676029,85.49543223,0.006709778,0.004345736,0.003914103,5.93211417
3000,3200,26.28550919,210.8131792,84.52570557,0.007358968,0.005354849,0.00358192,7.060756755
3800,4000,26.36407011,237.8094949,84.54580578,0.007386245,0.005326473,0.00359665,7.024307258
3600,3800,26.49685137,216.1539124,85.17406257,0.006777861,0.004308713,0.003923626,6.044049168
3000,3200,26.12752051,204.9176821,85.2797607,0.006812022,0.004347399,0.003877523,5.946147015
2600,2800,26.24356613,228.3473058,82.5978396,0.008477125,0.005202736,0.004514133,7.264821908
3800,4000,26.36829217,238.1560539,84.58138364,0.007458845,0.005373351,0.00357177,6.980678401
2900,3100,26.08535497,228.753964,84.13994717,0.00981791,0.005934187,0.00434811,6.302210261
3100,3300,25.90697809,193.6046703,85.39101913,0.006739988,0.004265852,0.003892236,6.046501618
3600,3800,26.51506569,240.6674021,84.12555151,0.009671914,0.005838242,0.004274156,6.294352511
3600,3800,26.41820753,188.9374499,84.74801054,0.007910077,0.003525655,0.004382452,7.064860927
2700,2900,26.14066616,222.9773427,84.38942118,0.00733974,0.005336007,0.003598548,6.926646334
3800,4000,26.31852443,237.5469043,84.60644459,0.007501983,0.005351542,0.003604941,7.117999593
2400,2600,26.09367383,207.3244541,85.15131923,0.006657362,0.00425883,0.003922452,5.941567251
3700,3900,26.0680048,214.4016449,85.10891807,0.006649856,0.004243172,0.003947009,5.921737711
3200,3400,25.9238363,192.8812954,85.39106386,0.006765734,0.004374036,0.003888131,5.968176281
2500,2700,26.21651949,229.7537847,82.46908722,0.008543335,0.005198693,0.004500009,7.240413703
3700,3900,26.46603106,189.0950555,84.79763883,0.007917743,0.003562368,0.004381664,7.023425536
3900,4100,26.48848706,220.0034596,83.70195629,0.00785566,0.004033411,0.003819744,7.522856918
2300,2500,26.1106148,225.0666355,84.45422948,0.007550298,0.005376556,0.003641349,7.001940512
2800,3000,26.07085342,220.108274,84.34457653,0.007478983,0.005396037,0.003604551,7.077480299
3500,3700,26.49643323,240.5309356,84.09484369,0.009563485,0.005853938,0.004275964,6.233016706
2700,2900,26.22471967,224.5898726,83.70805317,0.009584397,0.005255104,0.003600062,5.46976585
3700,3900,26.43113728,188.5120192,84.72888751,0.0078989,0.003573518,0.004407153,7.049939669
3000,3200,25.99677771,208.0564934,85.48974539,0.006558142,0.004396552,0.003891009,6.046016837
3700,3900,26.42102483,188.8436462,84.77099363,0.007884338,0.003379793,0.004400874,7.172517231
3300,3500,26.28680413,192.7564104,85.02304362,0.006672329,0.004121358,0.003886043,5.954433954
3700,3900,26.28545891,210.7748149,85.07453505,0.006723755,0.004150957,0.003896919,5.953192269
2600,2800,25.7504743,190.5635073,84.65052485,0.006696611,0.00436217,0.003866706,6.008160448
3100,3300,26.09911195,205.4133003,85.52499475,0.006706426,0.004302221,0.003920943,6.087962522
3500,3700,26.23978949,213.9912486,85.14829231,0.006723993,0.004205826,0.003928029,5.970885936
3600,3800,26.2387941,212.9315063,85.20939176,0.00670178,0.004359611,0.003879519,5.957720875
2700,2900,26.00012068,215.1691813,83.67170358,0.008407812,0.0057474,0.004498206,5.846509931
3700,3900,26.44546887,189.9807228,84.73448503,0.007774577,0.003439103,0.004351512,7.084572407
3100,3300,26.24235382,225.1140908,84.54567009,0.007469473,0.005410167,0.00365911,7.051034061
3700,3900,26.07893297,216.0774282,85.15927408,0.006739286,0.004285156,0.003930808,6.085549618
2500,2700,26.25785199,228.7212752,82.44447924,0.008633774,0.005272308,0.004503008,7.263450031
2700,2900,26.07395213,220.0814317,84.49466773,0.007438827,0.005335209,0.003635038,6.97837288
3900,4100,26.45667733,220.6226796,83.82670433,0.007856496,0.004045565,0.003803337,7.645849765
3300,3500,26.16451812,212.2803432,85.62947617,0.006653361,0.00438047,0.003919054,5.991460059
2500,2700,26.12082811,207.2055187,85.26402865,0.00671561,0.004322677,0.003867511,5.946782188
2800,3000,25.96381002,209.4434043,85.43189675,0.006811254,0.00440695,0.003910502,5.968505054
2900,3100,25.94388123,209.482449,85.46311292,0.006745939,0.004289995,0.003920602,5.907064658
2400,2600,26.11441075,223.4811212,84.64701003,0.007455075,0.005382099,0.003635344,6.964337172
3000,3200,26.01803864,199.6323403,85.25831645,0.006673851,0.004270479,0.003889437,5.966565144
2500,2700,26.24775824,229.3453905,82.56072009,0.008396931,0.005080017,0.004510336,7.338018099
3200,3400,25.93367583,192.2385275,85.32700683,0.00679492,0.00429608,0.003914873,6.010160726
2900,3100,26.42270772,232.0793879,83.57709574,0.007744441,0.003924982,0.003761465,7.536145694
3100,3300,26.1175565,205.2872614,85.41441901,0.006670508,0.004289642,0.0038905,5.95104564
3000,3200,26.03993278,209.3422465,85.52646857,0.00682623,0.004354296,0.003911249,5.981402916
3000,3200,26.00250559,200.7156835,85.18956802,0.006613321,0.004293735,0.003918237,6.042891918
2400,2600,26.13174317,207.6527921,85.33266751,0.006613484,0.004277333,0.00394123,5.918760354
3700,3900,26.25238181,215.1699961,85.33195443,0.006803035,0.004277862,0.003940033,6.036166198
3000,3200,26.00574776,207.9209151,85.45034719,0.006762321,0.004293306,0.003859309,6.044667956
3000,3200,26.02675641,206.728756,85.49771197,0.006635653,0.004275337,0.00394563,5.956525671
2400,2600,26.13599874,206.2251061,85.25709188,0.006606454,0.004327556,0.003885375,6.093444695
3000,3200,26.00663616,206.7581191,85.55775132,0.006589299,0.004350845,0.003916181,6.020530691
3200,3400,26.18721007,214.9729975,85.55905406,0.006653883,0.004371352,0.00390864,6.039128394
2900,3100,25.96617905,209.6845068,85.36746682,0.00681262,0.004302499,0.003877558,5.995961611
3300,3500,26.18325218,204.9524851,85.18530262,0.006706175,0.004227736,0.003917649,5.989621502
2400,2600,26.08745477,227.802664,84.59574049,0.007367406,0.005393484,0.003605821,6.996769141
3700,3900,26.42285315,188.2523095,84.72034487,0.007840284,0.003424565,0.004467768,7.061706661
3200,3400,26.19035966,214.3441837,85.42151156,0.006754047,0.004302787,0.003915545,5.974050195
2800,3000,26.07894056,231.3356467,84.19441372,0.009615018,0.005914818,0.00428568,6.274986303
3000,3200,26.02473184,197.8145968,85.11794577,0.006693891,0.004359835,0.003860738,6.003948225
3200,3400,26.26207498,225.634839,84.68357907,0.007432961,0.005451985,0.003604612,6.969846301
2700,2900,26.09263147,220.067737,84.42599774,0.007410751,0.005406816,0.003603589,6.971483053
3000,3200,25.99769031,206.6505259,85.5470782,0.006657672,0.00433783,0.003892292,5.986695805
3200,3400,26.13821249,213.5369806,85.50430709,0.006691596,0.004342412,0.003865447,6.034473248
2500,2700,25.74874014,190.1524131,84.80033452,0.006708598,0.004267147,0.003920438,5.853444508
3600,3800,26.25908041,209.7201709,84.91156386,0.006600769,0.004228666,0.003953359,5.996415746
2800,3000,26.03005508,214.873933,83.39389628,0.008193962,0.005832678,0.004502695,5.8457956
3600,3800,26.03974424,215.3353291,85.20694219,0.006748612,0.004213484,0.003880371,5.997648246
2900,3100,25.99349308,199.9064861,85.13569966,0.006671818,0.004298346,0.003870691,5.966770422
2900,3100,26.41267362,233.9897251,83.50255271,0.007868455,0.003975383,0.003819739,7.600013531
3300,3500,26.19017503,211.5571367,85.53043847,0.006739022,0.004302293,0.003921904,6.016653163
3500,3700,26.4958706,240.2645582,84.1332212,0.009512797,0.005983443,0.004338366,6.384372931
2900,3100,26.01073276,209.2759968,85.41160499,0.006638901,0.004336106,0.003893469,5.859260023
2400,2600,26.24113163,229.2252524,82.60586754,0.008605772,0.005287796,0.004493929,7.194710431
3900,4100,26.4783767,220.474433,83.76893546,0.007727465,0.003915437,0.003797434,7.573281675
3300,3500,26.16423096,215.6781591,85.57243433,0.006766388,0.004289052,0.003885993,5.903205672
4000,4200,26.48862572,220.2603858,83.70811567,0.007820446,0.004060034,0.003809067,7.387668446
3200,3400,26.17741124,204.2119891,85.30208548,0.006486865,0.004329209,0.003912039,5.929753599
2400,2600,26.12399531,204.8608008,85.014338,0.006569068,0.004363508,0.003909705,6.02300542
2600,2800,25.73387952,189.8295999,84.73036633,0.006758477,0.0043274,0.003877481,6.004153217
3000,3200,26.24990673,210.6072328,84.52343821,0.007536097,0.005375797,0.003633337,6.891002448
3400,3600,26.11320189,207.7516035,85.40124417,0.006762818,0.004198776,0.00393241,6.037409744
2800,3000,25.95737349,208.3131024,85.47144554,0.006608599,0.004322111,0.00391522,5.950939414
3600,3800,26.43900475,189.3632377,84.65853862,0.007701612,0.003549711,0.004403148,6.988104588
3100,3300,26.26661233,225.7412912,84.52305943,0.007488224,0.005419939,0.003583154,7.024716558
2800,3000,25.97238746,213.0026694,85.5551541,0.006612082,0.004401478,0.003909453,5.952400701
3900,4100,26.46522838,221.519995,83.80746197,0.007894358,0.003958035,0.003790203,7.548939615
3000,3200,26.1558092,206.4118096,85.18873981,0.00677259,0.004312432,0.003857859,6.059320064
2800,3000,25.94340009,210.7109445,85.41039668,0.00669479,0.004330656,0.003931289,6.073607139
3600,3800,26.45196453,215.9652739,85.12887276,0.006883515,0.004331463,0.00394105,5.974714874
2600,2800,25.7431038,189.7274997,84.66150498,0.006665542,0.004279318,0.003865278,6.043045475
3700,3900,26.29963492,210.096467,85.02947683,0.006696862,0.004372584,0.003887073,5.938639332
3000,3200,25.99592754,206.4964598,85.40843617,0.006774146,0.004369206,0.003895933,5.942924307
2600,2800,26.20581699,224.8395518,83.59503212,0.009518672,0.005142615,0.003548369,5.560516842
3600,3800,26.42670197,217.726955,85.14232097,0.006575553,0.004233845,0.003871224,5.995029046
3200,3400,26.19760896,193.034991,84.98662117,0.006718718,0.004174725,0.003917823,6.062149707
2700,2900,26.11602699,221.6899793,84.57823764,0.007574909,0.005476094,0.00361813,6.981710451
3200,3400,26.2090914,203.6085636,85.26621452,0.006769938,0.004328652,0.003908877,5.989888466
3700,3900,26.44448913,216.4594731,85.16055229,0.006668577,0.004270616,0.003887273,5.981784555
3400,3600,26.17041268,213.5774295,85.57208469,0.00660462,0.004250101,0.003860557,6.041085527
2800,3000,26.40841085,234.600153,83.58814895,0.007866003,0.003903031,0.003814668,7.515819145
3400,3600,26.02968224,222.0061879,85.59838499,0.006677067,0.004266862,0.003915821,6.016431763
3500,3700,26.03838942,221.4659036,85.60283084,0.0066449,0.004241787,0.003887582,6.062192266
3800,4000,26.31481396,239.406803,84.74222746,0.007578845,0.005241146,0.003611115,7.07872887
3300,3500,26.18096489,193.1131737,85.20676349,0.006682698,0.004358658,0.00393893,5.94756833
3400,3600,26.03854482,225.335108,85.48310613,0.006709554,0.00438455,0.003886912,6.075867605
2700,2900,26.10636996,220.4783735,84.51867593,0.007563645,0.005406258,0.003598827,7.004381972
2400,2600,26.12279107,206.156856,85.18543424,0.006590505,0.004289345,0.003882238,5.919117787
2500,2700,25.88397517,211.8137412,84.44796244,0.007286517,0.00543833,0.003645132,6.956458719
2800,3000,26.42388953,230.2971875,83.6521065,0.007799469,0.003953347,0.003779383,7.474943893
3000,3200,26.0018395,209.5263002,85.44278102,0.006692625,0.00424457,0.003888089,5.953953468
2500,2700,26.23467902,228.4844758,82.5929264,0.008741714,0.005221072,0.004466288,7.206678997
2900,3100,26.41310377,232.6083433,83.67756015,0.007672389,0.003995175,0.003808992,7.64317066
2900,3100,26.4453238,230.9075069,83.55676798,0.007862724,0.004020111,0.003805873,7.632817203
2700,2900,26.22461607,224.9471395,83.63343956,0.009605552,0.005162101,0.003598248,5.508594984
2900,3100,26.02904431,200.2778714,85.20395208,0.006888478,0.004312244,0.003900022,5.973983326
2500,2700,26.25608493,230.6570697,82.61001273,0.008498663,0.005030158,0.004493141,7.297595891
3600,3800,26.05094202,213.1083519,85.26894583,0.006728995,0.004313953,0.00387534,6.083072276
2900,3100,26.04006953,196.7975235,85.19178214,0.006773262,0.004174239,0.003886474,5.965163931
2700,2900,26.12978739,221.7504283,84.40617062,0.00756321,0.005406277,0.003578698,6.936324127
3900,4100,26.47316305,218.0725476,83.60712519,0.007799277,0.00394652,0.003816711,7.439315111
3500,3700,26.47759598,241.7007001,84.00328151,0.009712273,0.005765081,0.004313923,6.227596411
2500,2700,26.2411367,227.7196615,82.54203874,0.008391762,0.005188866,0.004499022,7.224251821
3000,3200,26.14983622,205.817428,85.29416399,0.006693243,0.004247564,0.003853829,5.992901196
3600,3800,26.43003248,191.7449097,84.7920919,0.007837297,0.003446415,0.004353939,7.052403498
2400,2600,26.13873574,226.5106246,84.63069537,0.007580952,0.005401967,0.003638108,7.005499256
3100,3300,26.23894069,225.1299231,84.52195349,0.007580003,0.005415938,0.003633904,6.968495168
2700,2900,26.09571661,222.9937402,84.41952068,0.007555311,0.005470542,0.00359402,6.931430141
3600,3800,26.06750122,214.7942034,85.174745,0.006813009,0.004220004,0.003935217,6.007964281
2400,2600,26.07756222,226.0048821,84.65609628,0.007517711,0.005398067,0.003598207,6.969844313
3100,3300,25.94092438,195.0741844,85.50798891,0.006802808,0.004319321,0.003902167,6.014973707
3400,3600,26.10251159,204.185119,85.49116609,0.006655341,0.004247612,0.003914264,5.905502697
2500,2700,26.21939297,228.0813045,82.5482184,0.008553381,0.005187759,0.00446566,7.228152239
3700,3900,26.41678699,190.7639035,84.86631493,0.007804742,0.003461278,0.004401154,7.133661959
2900,3100,26.26763735,212.2309049,84.54458491,0.007487107,0.005340238,0.003671868,7.017543683
3400,3600,26.11036201,207.682687,85.53518934,0.006771804,0.00430152,0.003881638,5.912293468
3900,4100,26.4451258,218.9329869,83.80477636,0.007801775,0.004014819,0.003809069,7.60380435
2900,3100,25.91164413,211.3713214,85.4979128,0.006690816,0.004323541,0.003909836,5.923385548
3100,3300,25.92815882,193.2835919,85.38083644,0.006706259,0.004423927,0.003901719,6.045136875
3600,3800,26.24547337,213.7469509,85.45440312,0.006713259,0.004258444,0.003945036,6.023119098
2500,2700,26.24947591,227.3132171,82.67847917,0.00851869,0.00514759,0.004519923,7.271233854
3600,3800,26.23213175,215.2765367,85.20285788,0.00685862,0.004213254,0.003908415,5.993654138
3300,3500,26.17112402,215.4734735,85.4816762,0.00658848,0.004234132,0.003858587,5.980274976
2500,2700,25.7588865,188.7012708,84.87374479,0.006718056,0.004278506,0.003879351,5.88107034
2500,2700,25.85034103,214.5662095,84.44926634,0.007373574,0.005337631,0.003572871,6.988100093
2500,2700,25.86826714,216.1737991,84.44861756,0.007583177,0.005372251,0.003616427,7.020451161
3100,3300,25.9189902,196.5037545,85.53249224,0.006688016,0.00429029,0.003877048,5.986053038
3100,3300,26.13576499,206.0665886,85.24240874,0.00665625,0.004239362,0.003906623,5.850960685
3500,3700,26.47884944,242.5199434,84.10042497,0.009761002,0.005957454,0.004275158,6.283529556
3800,4000,26.36194866,237.4066815,84.54943825,0.007403297,0.005494646,0.003590831,6.941666707
3700,3900,26.32177619,208.6757728,84.99205239,0.006585519,0.004187349,0.003880058,6.005534395
3800,4000,26.35397058,235.8626206,84.55925772,0.007683787,0.005454562,0.003639994,7.085678979
3600,3800,26.20252318,215.4064123,85.08360241,0.006722796,0.004382488,0.003876838,6.052885027
3000,3200,26.09993338,201.9314603,85.57193257,0.006797249,0.004375845,0.003875311,5.996666934
2800,3000,25.95418941,210.0878032,85.64359636,0.006803194,0.004267651,0.00391796,5.983356255
2800,3000,25.98531117,212.9041111,85.57659833,0.006604877,0.004191768,0.003890119,5.89409779
3100,3300,26.12477933,207.1430166,85.42503825,0.006745948,0.004277339,0.003880117,5.939382992
3000,3200,26.25335265,210.8299753,84.56762554,0.007394248,0.005335238,0.003580184,7.11854036
3100,3300,25.93513612,193.9113608,85.40216228,0.006606743,0.004311288,0.003910888,5.973040566
3700,3900,26.41690247,190.6761135,84.76940302,0.007757635,0.00347474,0.004413882,7.116284005
3700,3900,26.45518307,217.4480127,85.15770746,0.006602191,0.004303708,0.003906858,6.037930333
2700,2900,26.00647387,215.1698554,83.4088589,0.008273968,0.005799013,0.004541237,5.812047645
3200,3400,26.17685977,213.1334543,85.52840971,0.006715263,0.00439578,0.003892652,5.893366364
3300,3500,26.19752006,205.5959895,85.22883758,0.006726667,0.004299736,0.00392742,6.015091963
3700,3900,26.48944762,216.2636839,85.23238533,0.00650264,0.004323659,0.003933983,5.919917301
2900,3100,26.01888867,207.3937413,85.48340278,0.006854484,0.004315178,0.003893405,5.897713112
3600,3800,26.21970865,215.8978921,85.19203049,0.006781311,0.004305358,0.003852537,6.074715428
2900,3100,25.99436219,198.9411436,85.29353006,0.006815543,0.004227779,0.003937815,5.958119039
3500,3700,26.24153229,216.4005329,85.32607642,0.006777888,0.004293255,0.003904584,5.921660242
2900,3100,26.00858993,198.4093303,85.15501085,0.006696526,0.004284743,0.003925754,6.016650377
2500,2700,25.73340954,192.3160363,84.77777009,0.006803701,0.004309216,0.003898208,5.996170182
3700,3900,26.21538566,213.6799467,85.26328928,0.006693467,0.004250648,0.003911291,5.981178881
3200,3400,26.18686723,193.463709,85.01051183,0.006786274,0.004249356,0.003886219,6.133874435
3600,3800,26.09654897,218.1225206,85.0605628,0.006680663,0.004246516,0.003859497,6.032514811
2700,2900,26.2359724,223.8580394,83.74274589,0.009479788,0.005149786,0.003575558,5.492726176
2800,3000,26.40949846,231.8354936,83.71859856,0.007804917,0.003939644,0.003766509,7.582027207
3500,3700,26.06633338,222.5285479,85.5488097,0.006735586,0.004300941,0.003886204,5.890130249
3600,3800,26.40569623,188.1139769,84.73784217,0.007818288,0.003449966,0.004418256,7.040251278
3700,3900,26.31928737,209.3966874,85.12267846,0.006641117,0.004221847,0.003895876,6.006346432
2900,3100,26.25662924,212.1975242,84.50310159,0.007416558,0.005331236,0.00358336,7.007254799
2800,3000,25.97081255,218.4294507,83.48996298,0.008539812,0.00577056,0.004483679,5.841901816
3600,3800,26.42432492,190.4508603,84.81135923,0.007876723,0.003585278,0.004380902,7.065809259
3100,3300,25.95026858,192.990031,85.32035186,0.006724881,0.004197762,0.003915711,5.953591422
3200,3400,26.21789735,206.2329055,85.22699,0.006742962,0.004300612,0.003893984,6.035850196
2800,3000,26.44031804,232.8513287,83.6117557,0.007767968,0.003955778,0.003807828,7.576968627
3200,3400,26.15010949,195.4311197,85.00556379,0.006625777,0.004265969,0.003918228,6.023791535
2600,2800,26.22082487,226.1765939,82.48965373,0.008509059,0.005105109,0.004486339,7.18380423
3000,3200,26.11542181,205.6846339,85.43149239,0.006739715,0.00426844,0.003875624,5.960810287
3800,4000,26.30844592,207.5604193,85.12136337,0.006795293,0.004221195,0.003902983,6.067258834
2400,2600,26.13249089,227.8970286,84.54560169,0.007382051,0.005301747,0.003572543,6.961947067
3700,3900,26.42836134,190.1055737,84.67015474,0.007896325,0.003463266,0.004395303,7.064081659
2900,3100,26.41271594,230.405484,83.73341999,0.007647328,0.00395821,0.0038135,7.525253069
3900,4100,26.3254022,237.8959673,84.74204579,0.007476877,0.005376441,0.003637451,7.080622817
3000,3200,25.99385541,199.8094647,84.90502772,0.006869946,0.004295875,0.003886644,6.054867569
3500,3700,26.02226445,222.6323344,85.44912699,0.006771029,0.004258892,0.00392432,6.050282899
2700,2900,25.99820312,215.9963256,83.4651702,0.008329774,0.005786328,0.004489764,5.840991074
3000,3200,26.01253534,198.6725942,85.35351841,0.006777295,0.004257174,0.003921351,5.938197262
3000,3200,25.99491884,210.3204899,85.36379883,0.006752281,0.004268727,0.003901123,6.010064599
2600,2800,25.8463359,212.9293587,84.52575641,0.007448064,0.005431036,0.003636148,6.838205089
3600,3800,26.20785449,214.4359212,85.20530655,0.006637459,0.004178188,0.003929856,6.129998577
3900,4100,26.45478919,220.9175348,83.90495233,0.007827907,0.004063412,0.003843348,7.557952858
3900,4100,26.45118408,220.9486662,83.83762216,0.007788192,0.004147396,0.003805777,7.558793275
3500,3700,26.11342472,208.2139321,85.63340725,0.006861442,0.004415426,0.003872834,6.009546156
2600,2800,25.88489638,212.1303773,84.32333478,0.007530931,0.005483893,0.003595863,7.051113256
2800,3000,25.98802685,216.6638103,83.4566092,0.008537207,0.005746182,0.004468646,5.974034168
2400,2600,26.10433076,226.2983375,84.59401422,0.007480096,0.005336088,0.003605155,7.047410734
3000,3200,26.03767613,199.806064,85.21693834,0.006649786,0.004350627,0.003901531,6.03662134
2500,2700,26.13428039,206.7475936,85.24469493,0.006811926,0.004384077,0.003904034,5.933429344
2400,2600,26.11696557,206.9095303,85.09415719,0.006680776,0.004262087,0.003880108,6.061614069
3200,3400,26.17013861,212.0656091,85.48262047,0.006664273,0.004272882,0.003921557,5.999655813
2800,3000,25.99617807,216.6073334,83.50141851,0.008316501,0.005850683,0.004513269,5.917144144
3200,3400,26.1863109,192.9392941,85.10499069,0.006672335,0.004226609,0.003877351,5.99515619
3500,3700,26.03213156,221.3408393,85.4944901,0.006674473,0.004376621,0.00387931,5.958354443
2900,3100,26.27074799,212.218767,84.51393616,0.007574096,0.005408499,0.003595372,7.023201027
2400,2600,26.09939051,226.3327113,84.50986156,0.007510702,0.005536065,0.003580723,7.02667674
3000,3200,26.0211447,206.2240598,85.535621,0.006870186,0.00423684,0.003896085,6.00483605
3000,3200,26.28614287,213.4155383,84.47973271,0.007371319,0.005427355,0.003598066,7.085897885
2500,2700,25.86452818,213.271646,84.45363275,0.007497402,0.005416579,0.003602032,6.965031168
2900,3100,26.3005323,212.0809962,84.46162019,0.007525263,0.005419889,0.003607583,6.941149248
3000,3200,26.01934966,198.9982842,85.03327067,0.006695549,0.004222585,0.003902479,6.01971916
3700,3900,26.41442357,188.981506,84.78844665,0.00793627,0.00346368,0.004433901,7.083819294
3600,3800,26.4579759,239.7873675,84.34440054,0.009757739,0.005870772,0.00429137,6.287793254
3600,3800,26.03260965,215.5202163,85.16959703,0.006780458,0.004307453,0.003929478,5.97083812
3800,4000,26.32742826,236.826529,84.61042741,0.007402787,0.005447208,0.003595658,7.089523843
2900,3100,26.03141565,209.3432775,85.45695341,0.00665444,0.004308245,0.003883624,5.983039807
3600,3800,26.47858841,218.1133192,85.24046179,0.006676251,0.004185008,0.003931837,5.906798007
2400,2600,26.07293322,222.6238527,84.61423216,0.007617083,0.005286074,0.003588617,7.017346082
2900,3100,26.43937531,232.2932736,83.61169988,0.00774907,0.003987763,0.003805982,7.549019434
2900,3100,26.12187014,230.2585317,84.08056482,0.009686046,0.005830186,0.004283669,6.205771382
3100,3300,25.9291665,194.637072,85.37417583,0.00661825,0.004254371,0.003823079,6.015417347
2300,2500,26.10887275,226.5837358,84.69791023,0.007612211,0.005501499,0.003585089,6.915695325
3200,3400,25.94589598,193.3774864,85.48361362,0.006707382,0.004467353,0.003882777,5.931058865
3700,3900,26.31431451,206.8046079,84.86280357,0.00680382,0.004350919,0.003873426,6.068474912
2900,3100,26.42900005,232.6624096,83.63364634,0.007896268,0.004016575,0.003790913,7.567973536
2800,3000,26.00097568,198.9266757,85.25096273,0.006847735,0.00424944,0.003924064,6.018598073
2300,2500,26.12373929,205.7412374,85.17686336,0.006802629,0.004264943,0.003919899,5.899056931
3300,3500,26.17551402,203.5214825,85.15978413,0.006771079,0.00426258,0.003961619,6.092378632
3000,3200,25.9320493,207.6708242,85.52473984,0.006692556,0.004337686,0.003900135,6.06450469
3400,3600,26.06219382,223.8702692,85.4594241,0.006622977,0.004244792,0.003929957,5.905021474
3100,3300,26.27871241,223.3441594,84.56193506,0.007478164,0.005406875,0.003577162,6.951308546
2700,2900,26.10676275,219.0324625,84.46754075,0.007532204,0.005341171,0.003622324,6.919744176
3800,4000,26.33452908,236.6903132,84.65559828,0.007364834,0.005364575,0.003602216,7.014563269
2500,2700,25.83942341,214.085714,84.5447331,0.007594739,0.005451741,0.003591258,6.933494413
3200,3400,26.25500823,224.5251685,84.44291602,0.007545014,0.005385328,0.003612376,6.898636654
3300,3500,26.26054278,190.9750083,84.87157412,0.006617561,0.004204684,0.003908119,6.036579612
2900,3100,26.07975633,230.8819305,84.14425357,0.00969827,0.005893625,0.004288091,6.353202451
3700,3900,26.4782183,214.3473128,85.35021691,0.006599781,0.004240141,0.003871086,6.015314524
3300,3500,26.27880827,193.0744254,85.02853793,0.006611165,0.004318778,0.003905016,5.973357639
2500,2700,25.7519697,190.2424373,84.65486558,0.006643192,0.004358287,0.003926849,5.980986983
3000,3200,25.99810823,198.2599182,85.31006499,0.006742489,0.004304574,0.003905671,6.031608147
3700,3900,26.21047974,213.9895228,85.0494663,0.006741461,0.004269455,0.003874403,5.97982215
2600,2800,26.20280168,224.2845909,83.70321723,0.009550651,0.005229577,0.003634684,5.469529443
3300,3500,26.10080383,207.9685456,85.44347166,0.006760695,0.004247032,0.003883541,6.015596006
3600,3800,26.06163266,214.2512795,85.07010659,0.006806547,0.004254417,0.003882617,6.028875572
2900,3100,25.95107218,211.2655493,85.50132313,0.006801512,0.004310666,0.003872207,6.003001895
2900,3100,26.01799599,208.5046668,85.52380129,0.006617337,0.004317476,0.003895416,6.046418345
3600,3800,26.24474563,214.4458399,85.34388783,0.006703083,0.004271539,0.003960852,6.085058227
3900,4100,26.47888975,221.7706871,83.85190788,0.007835227,0.003974051,0.003781438,7.489665079
3300,3500,26.2919682,193.9322942,84.99696751,0.00647873,0.004269401,0.003882807,5.937071162
2900,3100,26.42009474,231.990547,83.56614281,0.00781474,0.003937972,0.003794008,7.560924502
2700,2900,26.00600374,217.0761027,83.52894302,0.008157923,0.005784251,0.004497026,5.818297999
3600,3800,26.30983138,207.7050273,84.98097263,0.006624635,0.004303416,0.003923081,6.033426695
2800,3000,25.95171984,209.5967713,85.66033122,0.006721302,0.004346294,0.003879032,6.009333169
2700,2900,26.23228808,222.1089694,83.66516404,0.0094565,0.00523402,0.003603783,5.532959142
3000,3200,25.9875611,198.7503966,85.18229995,0.006575387,0.004231115,0.003921897,5.882259267
3000,3200,25.98036081,197.5652444,85.28318477,0.00661289,0.004289864,0.003902387,6.046016241
2400,2600,26.13734922,206.5042243,85.26444859,0.006742452,0.004412733,0.003917568,5.977762373
3700,3900,26.44681777,219.5030556,85.30275861,0.006809881,0.004342153,0.003890482,5.946449536
2600,2800,25.78143688,194.7444299,84.7636563,0.006611432,0.004334401,0.003906142,6.029554367
3700,3900,26.41225499,189.6074464,84.67069926,0.007785041,0.003476332,0.004390876,7.005334807
3200,3400,26.18263867,194.5665893,84.98240693,0.006847389,0.004266273,0.003899744,5.999319884
2900,3100,26.42011126,230.5656065,83.6039678,0.007630134,0.003960856,0.003789389,7.640185958
3100,3300,26.20466365,224.8187717,84.39537669,0.007492472,0.005397433,0.003577749,7.084024117
3200,3400,26.17571992,204.7157223,85.17546419,0.006546961,0.004339565,0.003873302,6.098733027
2500,2700,26.24538564,228.6554341,82.62337189,0.008470107,0.005216481,0.004465467,7.214541015
2900,3100,26.10177036,227.7983074,84.35029759,0.009766146,0.005963444,0.004338605,6.305054924
3000,3200,26.11220122,204.7989333,85.28196039,0.00669552,0.00430553,0.003866246,6.08321581
3000,3200,26.05452854,196.7802465,85.22558931,0.006728538,0.004311908,0.00394459,5.953610499
3500,3700,26.01633564,218.8425051,85.52799156,0.006998823,0.004298068,0.003885694,6.027861707
2900,3100,26.42028444,232.557846,83.68191124,0.007989686,0.003990684,0.003802143,7.570100975
3000,3200,26.25751968,211.4409273,84.46906663,0.007364056,0.005344535,0.003620233,7.085936475
3300,3500,26.17515612,195.3005747,84.94280075,0.006844502,0.004311262,0.00395358,5.979574688
3600,3800,26.50134937,241.199366,84.07867657,0.009558116,0.00598501,0.004260959,6.327506602
3700,3900,26.47283002,216.6398223,85.1940696,0.006669112,0.004276913,0.003882713,5.95691025
2900,3100,26.45685056,232.4447179,83.70135941,0.00778874,0.003960971,0.003797645,7.617254449
3600,3800,26.44453936,218.8168066,85.09178925,0.006780374,0.004274571,0.003879852,5.931959892
3100,3300,26.09422359,205.0410211,85.57995248,0.006718922,0.004303528,0.003905011,6.132767653
3000,3200,26.02262051,210.037463,85.49089898,0.006882674,0.004328652,0.003906753,5.943365982
3100,3300,26.18925802,195.3236057,85.14616645,0.006699662,0.004343275,0.003883915,5.944165678
3600,3800,26.20949028,217.5809866,85.09743576,0.006744646,0.004298458,0.003864899,5.926551126
3000,3200,26.25466538,211.8438547,84.37831816,0.007394653,0.00538569,0.003571385,7.052194648
2500,2700,26.23794188,228.881847,82.52790893,0.008540562,0.005116218,0.004502204,7.209493276
3300,3500,26.15949539,204.4881896,85.31814974,0.006795652,0.004220555,0.003863023,6.06151406
2500,2700,26.12350359,225.9770257,84.60362554,0.007542833,0.005359726,0.003594605,7.029896595
3800,4000,26.36891711,238.2922361,84.64283476,0.007492882,0.005362578,0.003630411,7.08340581
2600,2800,25.93878356,214.0181973,84.45239056,0.007415429,0.005383419,0.003615388,6.983480646
3300,3500,26.17927203,194.697341,85.03145696,0.006726586,0.004282908,0.003931805,6.088603068
3600,3800,26.47282362,242.7261997,84.06135278,0.009486671,0.005896743,0.004292742,6.259115745
3300,3500,26.19538754,207.0055654,85.31372204,0.006542604,0.004311683,0.003899606,6.050980882
2400,2600,26.08715496,226.5952538,84.70758759,0.007661462,0.005312156,0.003604083,7.030523312
3200,3400,26.29030414,193.7503089,84.924767,0.006658674,0.004221877,0.003906212,5.949569496
3400,3600,26.2745927,191.6889762,84.91001354,0.00667155,0.004311421,0.00386724,5.923947564
2700,2900,26.11873382,223.4706782,84.40431912,0.007451623,0.005460943,0.003664332,6.986552327
2700,2900,26.10414605,220.655741,84.62121651,0.007336466,0.005395807,0.003600087,7.024554037
2900,3100,25.99966926,208.7138633,85.35656356,0.006782641,0.004219486,0.003875242,5.955755032
2800,3000,26.42616049,233.4258132,83.67141314,0.007937725,0.004062696,0.003794739,7.664522406
3200,3400,26.19619014,207.2683687,85.2590262,0.006820471,0.004327579,0.003907731,5.924301282
2900,3100,26.0287084,197.9688492,85.13410077,0.006781779,0.004201329,0.003923054,6.04569441
3700,3900,26.27049333,210.5377978,85.02427541,0.006701685,0.004390248,0.003875818,6.02495088
2400,2600,26.11667951,227.000808,84.4770506,0.007498735,0.005477111,0.003622674,7.052503741
3900,4100,26.44950338,218.3512016,83.83759733,0.007783471,0.00397146,0.00383278,7.531181869
2700,2900,26.09511223,217.5864345,84.57171305,0.00746742,0.005362511,0.003581004,7.096741405
3700,3900,26.30500668,208.0496465,84.97685778,0.006767928,0.004215925,0.003886786,6.011243556
3100,3300,25.94376957,193.9426407,85.35195573,0.00669291,0.004089622,0.00389829,5.998999632
2600,2800,25.74440568,193.6412372,84.78611551,0.006604989,0.004202402,0.003936028,6.012368286
2400,2600,26.11373045,223.864754,84.62376579,0.007496594,0.005298259,0.003580661,6.986845961
3300,3500,26.19572518,204.6530316,85.3084039,0.006784634,0.004290889,0.003896045,6.004034485
3700,3900,26.31579207,210.1943474,84.93339517,0.006838014,0.004205906,0.003938292,5.982551589
3700,3900,26.29881731,208.4473484,84.93733419,0.006621656,0.004281429,0.003891898,6.003158141
3500,3700,26.0166433,221.2305001,85.56813637,0.006711539,0.004326259,0.0038989,6.080524204
2400,2600,26.14714826,204.949822,85.13134096,0.00668949,0.004241819,0.003887154,6.100072684
2400,2600,26.14351461,226.3063733,84.54770027,0.007491817,0.005442317,0.003586694,7.013168276
3100,3300,25.92692263,193.9285161,85.33307664,0.00677931,0.004246044,0.003941886,6.031638864
3300,3500,26.24901889,189.8166249,84.86544074,0.006742751,0.004236175,0.003930059,6.045922716
3300,3500,26.11671945,208.0917862,85.60230338,0.006748158,0.00436335,0.003920582,6.04449199
2900,3100,26.41310054,232.5785326,83.53646543,0.007691922,0.00404338,0.003752729,7.529246008
3900,4100,26.33011713,237.4239309,84.63702194,0.007512774,0.005480326,0.003605835,7.045798886
3900,4100,26.47170786,220.7214719,83.77976223,0.007776238,0.0039367,0.003787314,7.608471988
2900,3100,25.97101058,198.2134002,85.02710943,0.006837641,0.004315187,0.003917255,5.968326394
3100,3300,26.23640076,225.4255143,84.56803418,0.007534398,0.005403651,0.003600462,6.889714565
2700,2900,26.17278513,224.7915326,83.67440749,0.009505329,0.005178535,0.00357959,5.468010425
3200,3400,25.90045707,190.531273,85.28729558,0.006836361,0.004283843,0.003885363,6.02014375
3900,4100,26.48254479,222.8057026,83.86326059,0.007946696,0.004057325,0.003811376,7.630519841
2500,2700,25.85911324,213.9150383,84.4884066,0.007410928,0.005399497,0.003621306,6.936638424
3700,3900,26.33045663,210.1056739,85.04363598,0.006788846,0.004286714,0.003886763,5.983882206
2600,2800,25.75734772,191.7609997,84.9247959,0.006852643,0.004344968,0.0038911,6.019018333
3200,3400,26.18113335,214.9228596,85.55217913,0.006676714,0.004336039,0.003865253,5.922553271
2900,3100,26.4177506,230.5912494,83.73951036,0.007835298,0.004089926,0.003789499,7.554279637
2400,2600,25.86943093,214.0533588,84.49513533,0.007441409,0.005317386,0.00362817,7.068489968
3000,3200,26.30456703,224.4548398,84.52388848,0.007318876,0.005396781,0.003555063,7.026161923
2900,3100,26.42324475,234.2396571,83.62064318,0.00780313,0.003922401,0.003808962,7.498470749
3400,3600,26.29134004,190.8677316,85.04998176,0.006544806,0.004301306,0.003859465,5.871600039
2900,3100,26.11735776,230.2673553,84.16654609,0.009763782,0.005840769,0.004285555,6.245903237
2900,3100,26.27170232,213.721022,84.35660428,0.007488763,0.005470253,0.003581974,7.006466638
2900,3100,26.42240186,232.2252986,83.61302974,0.007715258,0.00397252,0.003813387,7.637601039
3500,3700,26.0234856,220.3273397,85.59563072,0.006667242,0.004419988,0.003927094,6.047886763
2500,2700,25.87553205,216.0356507,84.36218399,0.007488686,0.005461884,0.003627034,7.016754446
3700,3900,26.43582815,214.6746273,85.29852528,0.006820095,0.004237578,0.003912836,5.923316746
2500,2700,25.89687069,214.7397557,84.50255089,0.007373222,0.005356765,0.003603959,6.990424536
2800,3000,25.96175542,209.5421627,85.50790519,0.00666433,0.004271216,0.003920402,6.00431414
3000,3200,26.09991298,206.4662368,85.47379125,0.006834522,0.00434743,0.003869752,5.993435716
3200,3400,25.93915202,193.5998899,85.27383833,0.006621448,0.004367887,0.003906439,6.049678809
2500,2700,26.23403928,228.2367421,82.52311866,0.008500628,0.005147743,0.004496778,7.081342212
3500,3700,26.00716907,221.6630181,85.53031203,0.006560904,0.004309374,0.003879506,5.943029425
3000,3200,26.03943424,197.5593277,85.15686049,0.006807144,0.004366375,0.003883263,6.012125433
3600,3800,26.48007023,218.8050086,85.19643233,0.006592266,0.004232552,0.0039174,6.052171698
3000,3200,26.01931285,195.4459035,85.23740377,0.006594157,0.004309164,0.003857937,6.158743368
3000,3200,26.01111478,209.6367837,85.50624623,0.006631238,0.00420584,0.003886788,5.946640708
2600,2800,26.08127239,220.2724284,84.54132431,0.00747364,0.005382622,0.00358586,7.001096402
2600,2800,25.77291688,191.9575779,84.65161678,0.006573764,0.004192661,0.003901108,6.022423119
3400,3600,26.24975819,192.8638249,84.98706766,0.006732561,0.004250661,0.003929834,5.975299525
2400,2600,26.13728345,206.2013133,85.34442265,0.006638516,0.004320939,0.003933659,5.912484603
3700,3900,26.257316,216.8044885,85.38241465,0.00674492,0.004230804,0.003856939,6.070626308
3100,3300,26.11921567,208.1796538,85.40617204,0.006576591,0.004332198,0.003939224,5.986553379
2900,3100,26.44362993,232.032105,83.68857001,0.007760872,0.00398936,0.003848326,7.614234555
3300,3500,26.30053362,190.7003198,84.80334197,0.006664453,0.004278431,0.003903667,6.026501969
2600,2800,25.77063697,187.9695423,84.7312802,0.006593832,0.004298743,0.003894356,5.997305661
3600,3800,26.40731239,189.9835272,84.78265603,0.007656966,0.003403535,0.004357689,7.023342429
3700,3900,26.30694476,210.6533829,85.13123399,0.006643448,0.004440694,0.003878436,5.973026442
2400,2600,26.11214659,225.4223881,84.58311899,0.007419761,0.005425451,0.003628245,6.934174882
3400,3600,26.29614607,192.3820391,84.89839595,0.006775135,0.004348181,0.003844732,6.061637008
2500,2700,26.24339498,227.7799058,82.5736756,0.008344637,0.005221639,0.004491308,7.27438106
2800,3000,26.43308282,230.86434,83.62065687,0.00792102,0.004029119,0.003829698,7.516872551
2900,3100,25.98405365,198.4148847,85.21591387,0.006500052,0.004363692,0.003844872,6.02992938
3300,3500,26.15484587,212.0604009,85.57682797,0.006619675,0.004413824,0.003843865,5.995404203
2700,2900,26.11127371,221.8351391,84.5927947,0.007500269,0.005400876,0.003650269,6.909406223
3600,3800,26.48473218,240.057089,84.2803643,0.009749188,0.005957785,0.004292627,6.281388319
2900,3100,26.12519979,229.3963378,84.091907,0.009716316,0.005972194,0.004336588,6.259826322
2700,2900,26.12412327,220.0337291,84.34676508,0.007597249,0.005285975,0.003634946,7.001515158
2700,2900,26.17603152,222.7933386,83.6607063,0.009461817,0.005223606,0.003584252,5.567274686
3600,3800,26.41046194,217.2442886,85.17764786,0.006640603,0.004236951,0.00393,6.079787447
2700,2900,25.99932749,215.3850283,83.4331041,0.008223535,0.005795586,0.004492555,5.872713309
3200,3400,25.93286625,195.8168973,85.35527948,0.006739726,0.004355967,0.003905025,5.985402907
3600,3800,26.47981704,240.8469498,84.18429558,0.009719513,0.005804311,0.004308362,6.266728422
3800,4000,26.34354933,236.0920249,84.52955669,0.007481283,0.005500672,0.003545772,7.026423192
2500,2700,25.75950827,191.7971406,84.81397841,0.006758899,0.004244193,0.003894805,5.866101973
3000,3200,26.00295876,198.8982379,85.13272973,0.006647307,0.004317368,0.003903742,6.106651224
3000,3200,26.01562497,198.1703892,85.35159687,0.006645291,0.004187382,0.003910796,5.990039445
3800,4000,26.32383401,237.6925557,84.77761194,0.0076156,0.005415635,0.00363088,6.990439952
2900,3100,26.03716835,207.0713225,85.51377729,0.006785135,0.004284199,0.003850794,6.044694098
2800,3000,26.10687889,228.1922822,84.09430913,0.009736009,0.005905114,0.004283756,6.294807096
2800,3000,26.11555903,220.8239998,84.29423401,0.007568693,0.005345402,0.00356165,6.960022671
2500,2700,26.265771,229.9914651,82.46244981,0.008686239,0.005212833,0.00449104,7.193778827
2500,2700,25.87891771,212.3445746,84.48448449,0.007525603,0.005455769,0.003579433,6.970591783
2800,3000,26.43280708,232.241272,83.54548467,0.007702517,0.004027349,0.003817244,7.592819187
2500,2700,26.2449179,228.3041715,82.63764304,0.00858255,0.005147607,0.004506273,7.142460365
2900,3100,25.94153863,212.2250286,85.44615974,0.006804952,0.004224197,0.003900561,5.939843543
3100,3300,26.11056531,203.8417088,85.51040179,0.006646972,0.004350582,0.003925147,6.021704261
3500,3700,26.03733605,218.9890267,85.51341212,0.006775737,0.004230196,0.003885728,6.027114831
2900,3100,26.02300107,195.2466495,85.22120026,0.006903854,0.004372952,0.003862961,6.07599374
3000,3200,25.99104391,197.9565555,85.20934319,0.006677241,0.004261807,0.00394837,5.969949194
2500,2700,26.25732459,230.6329325,82.57140331,0.008419309,0.005200796,0.004508803,7.258876188
3700,3900,26.47262357,189.59254,84.69230701,0.007972722,0.003484136,0.004403778,7.061905581
2400,2600,26.11679705,206.7801781,85.30302216,0.006715717,0.004244293,0.003859599,5.96606797
3500,3700,26.0353107,220.6392115,85.55595391,0.006464897,0.004431684,0.003909415,6.074829388
2700,2900,26.19192256,223.6471018,83.66966846,0.009513013,0.005133408,0.003573269,5.467740218
2700,2900,26.20060172,225.7868088,83.56214103,0.009371956,0.005136368,0.003627783,5.566063499
3200,3400,26.17343009,192.8798846,84.98862225,0.006844886,0.004309941,0.003886929,6.039856723
3100,3300,26.17447719,194.0011392,85.05510752,0.006596326,0.004328932,0.003911779,6.035781075
3800,4000,26.29558245,209.2880856,85.02376014,0.006590555,0.004358422,0.003896884,6.003616994
2700,2900,25.98739543,217.9509927,83.52419489,0.008273872,0.005799065,0.004445019,5.822310784
3800,4000,26.33461353,235.158957,84.54752618,0.007595959,0.005307336,0.003611899,7.085590925
3700,3900,26.26899101,208.102142,84.98141435,0.006742191,0.00428976,0.003945565,5.968986398
3200,3400,26.15811584,206.0535638,85.22228633,0.006596943,0.004321223,0.003873347,5.95225296
2900,3100,26.02743639,198.5920961,85.21700876,0.006582279,0.00421557,0.003881655,6.024143935
3100,3300,26.16109092,204.9116785,85.27228278,0.006669956,0.004268017,0.003876903,6.066099871
3600,3800,26.48132283,243.9594677,84.10616275,0.009632841,0.005849507,0.004343819,6.205907375
3300,3500,26.29081943,190.0738061,84.9893818,0.006756622,0.00428978,0.003916623,5.932038291
3300,3500,26.17044713,212.890184,85.57543703,0.0066176,0.00435289,0.003906673,5.97170269
3200,3400,25.92672246,195.7739913,85.40944921,0.006716647,0.004392341,0.003904041,5.957660188
2600,2800,26.12238319,221.2842108,84.43940553,0.007507621,0.005317807,0.003589107,7.056897287
3800,4000,26.33387719,237.6219552,84.56093331,0.007379494,0.00546421,0.003614429,7.064397352
3500,3700,26.4708755,243.1861543,84.14252265,0.009792792,0.005884498,0.004263639,6.369101969
3000,3200,26.06041219,204.5262905,85.42087813,0.006570304,0.004267278,0.003911482,6.013660625
2800,3000,25.99500393,213.4685287,83.58092928,0.008164498,0.005816434,0.004520174,5.777873737
3000,3200,26.08829512,204.8055154,85.43095401,0.006490337,0.004280229,0.003925909,6.081393311
2700,2900,26.00448533,212.8812779,83.3919546,0.008252416,0.005812031,0.00451478,5.845788773
2900,3100,26.11641851,203.6605581,85.5276241,0.006663335,0.00428133,0.003877041,5.988877001
2400,2600,26.10691758,227.4824486,84.55976214,0.007457301,0.005434566,0.003580222,7.021963546
3100,3300,26.12394412,206.1292498,85.402845,0.006677558,0.004303796,0.003942622,5.976933229
2800,3000,25.9316822,208.9565619,85.41379257,0.006607299,0.004203839,0.003891782,5.970601264
3500,3700,26.05087879,223.1981233,85.49669334,0.006786177,0.004317849,0.003901428,5.998847349
2400,2600,26.08789336,224.5045107,84.58167712,0.007553806,0.005446268,0.003580137,7.095741056
3600,3800,26.44729856,216.9065769,85.1340348,0.006857654,0.004311651,0.003906926,5.927512206
3200,3400,26.18088593,192.9784735,84.98406694,0.006655474,0.004191255,0.003944353,6.015795635
3400,3600,26.11580011,207.0370984,85.32757253,0.006647766,0.004398281,0.003889374,6.060799324
2600,2800,25.75137833,191.9778525,84.79820137,0.006706051,0.004315515,0.003849542,6.02733279
3800,4000,26.34954843,238.2216409,84.57481072,0.007442462,0.005391349,0.003581408,7.095277724
3200,3400,26.17234078,212.2613735,85.5616039,0.006692754,0.004324387,0.003900363,6.043490491
3900,4100,26.47224398,219.6496365,83.74696421,0.00758059,0.004066405,0.003831753,7.498742792
2900,3100,26.4659518,232.5049254,83.67513004,0.007675211,0.003940017,0.003817437,7.508891476
3700,3900,26.0561057,216.4006221,85.05292002,0.006692579,0.00431856,0.003906983,6.006870359
2700,2900,26.23247344,222.6001103,83.63965277,0.009436256,0.005244237,0.003602313,5.532343287
3100,3300,26.11099875,204.5308183,85.37588002,0.006710133,0.004229262,0.003892788,5.973563751
2900,3100,26.41560017,233.0982872,83.72951143,0.007760573,0.00404228,0.003805133,7.521362185
2300,2500,26.09915708,226.8723344,84.6800567,0.007489868,0.00529843,0.00362173,6.948963978
2900,3100,26.10393717,229.3358614,84.06216936,0.00978794,0.005933503,0.004317897,6.32901134
3700,3900,26.05215417,211.6217488,85.24302617,0.006780549,0.004330173,0.003876895,5.982535555
2900,3100,25.94776242,208.512582,85.5769256,0.00669478,0.004212038,0.003897352,6.017759902
2900,3100,26.11138083,230.2398161,84.25538254,0.009654658,0.00591255,0.004286523,6.22143726
3000,3200,26.06682942,231.3273646,84.15958171,0.009905632,0.005895348,0.004318171,6.246785037
3000,3200,26.13295162,204.0900245,85.51894556,0.006741679,0.004324783,0.003885237,5.967137345
2500,2700,26.29574895,227.5883169,82.55123053,0.008586761,0.005288055,0.004515611,7.316886253
3700,3900,26.04640532,214.6155745,85.13868981,0.006378097,0.004163932,0.003934565,5.941536291
3400,3600,26.29188013,192.488321,85.01652893,0.006571677,0.004334702,0.003884369,5.975555738
2700,2900,26.04978408,217.6209122,83.52904103,0.008293297,0.005836894,0.00451034,5.801902899
3000,3200,26.02127618,196.9080091,85.29186913,0.006742673,0.004332912,0.003889371,5.970121831
3300,3500,26.25393182,192.1756562,85.11293308,0.006611025,0.004163351,0.003908985,6.03163875
2800,3000,25.95033305,211.8785464,85.44535493,0.006766806,0.004331165,0.003871249,6.026013605
2500,2700,25.93066181,214.9678472,84.55189644,0.007479046,0.005311445,0.003604001,7.075109891
3500,3700,26.02494305,221.67803,85.47855965,0.006584241,0.00437744,0.003895234,5.99185134
3000,3200,26.27471771,211.2289462,84.62126947,0.00750794,0.005380296,0.003627243,7.026076065
3300,3500,26.29427413,193.7094386,84.86649843,0.006630108,0.00437586,0.003877605,6.0856014
2700,2900,26.10161076,221.008559,84.48040816,0.007419966,0.005483467,0.003646809,6.988781128
3700,3900,26.45671198,218.3781865,85.29538018,0.006746731,0.004318593,0.003887774,6.031762776
3200,3400,26.18186547,194.3254102,85.03464102,0.006613732,0.004400211,0.003868645,6.072764047
4000,4200,26.4708408,220.6568153,83.68401696,0.007827372,0.004020638,0.003811652,7.559337786
2500,2700,26.22702736,230.0874905,82.52259127,0.008378853,0.005132115,0.0044746,7.219565401
3200,3400,25.92878573,193.9618947,85.31494465,0.006762427,0.00438038,0.003932772,6.109360625
3000,3200,26.14484225,203.7845957,85.32672388,0.006602595,0.004375146,0.003875498,5.971162831
3200,3400,25.90640175,193.7627065,85.46618623,0.00667628,0.00427785,0.003942929,5.951306355
3600,3800,26.46632218,217.799632,85.30833466,0.006656079,0.00435249,0.00388581,6.127933013
2800,3000,26.01510357,215.6997001,83.45063752,0.008329545,0.005796485,0.004460722,5.803309931
